timestamp,river_name,sensor_distance_cm,water_height_cm,water_flow_m3s,flood_status,flood_level,rainfall_mm,humidity_pct,temperature_c,sensor_status,latitude,longitude
2024-03-03 23:00:00,Sungai_Sumberagung,161.98,138.02,41.55,AMAN,RENDAH,2.7,80.5,29.7,NORMAL,-8.1763,114.3987
2024-01-02 05:00:00,Sungai_Sumberagung,161.86,138.14,41.609,AMAN,RENDAH,1.2,80.1,24.7,NORMAL,-8.1763,114.3987
2024-02-21 23:00:00,Sungai_Sumberagung,168.19,131.81,38.734,AMAN,RENDAH,5.4,72.8,28.0,NORMAL,-8.1763,114.3987
2024-03-26 14:00:00,Sungai_Kalibendo,210.97,89.03,21.105,AMAN,RENDAH,20.0,84.2,32.6,ERROR,-8.2156,114.3452
2024-03-14 11:00:00,Sungai_Kalibendo,183.0,117.0,32.264,AMAN,RENDAH,0.6,74.4,28.4,NORMAL,-8.2156,114.3452
2024-02-19 04:00:00,Sungai_Watugede,184.39,115.61,31.675,AMAN,RENDAH,14.1,79.1,24.1,NORMAL,-8.2251,114.3562
2024-03-21 06:00:00,Sungai_Kalibendo,180.54,119.46,33.315,AMAN,RENDAH,14.4,85.3,26.3,NORMAL,-8.2156,114.3452
2024-03-01 00:00:00,Sungai_Bajulmati,151.16,148.84,46.598,AMAN,RENDAH,0.0,79.6,26.7,NORMAL,-8.1892,114.3678
2024-03-04 09:00:00,Sungai_Kalibendo,176.87,123.13,34.899,AMAN,RENDAH,12.5,75.3,27.2,NORMAL,-8.2156,114.3452
2024-01-14 14:00:00,Sungai_Bajulmati,172.3,127.7,36.905,AMAN,RENDAH,10.2,80.7,31.7,NORMAL,-8.1892,114.3678
2024-03-09 12:00:00,Sungai_Setail,150.49,149.51,46.915,AMAN,RENDAH,5.0,78.4,29.7,NORMAL,-8.1987,114.3891
2024-01-24 03:00:00,Sungai_Sumberagung,151.71,148.29,46.335,AMAN,RENDAH,0.0,77.0,24.8,NORMAL,-8.1763,114.3987
2024-01-09 22:00:00,Sungai_Sukowidi,194.74,105.26,27.4,AMAN,RENDAH,27.4,83.5,27.1,NORMAL,-8.2345,114.3216
2024-03-08 10:00:00,Sungai_Sukowidi,182.48,117.52,32.486,AMAN,RENDAH,8.9,74.0,27.8,NORMAL,-8.2345,114.3216
2024-01-28 17:00:00,Sungai_Sumberagung,220.24,79.76,17.759,AMAN,RENDAH,11.3,80.4,27.5,NORMAL,-8.1763,114.3987
2024-03-07 21:00:00,Sungai_Setail,160.9,139.1,42.049,AMAN,RENDAH,15.9,75.0,29.7,NORMAL,-8.1987,114.3891
2024-03-16 17:00:00,Sungai_Bajulmati,155.66,144.34,44.48,AMAN,RENDAH,0.0,77.1,29.9,NORMAL,-8.1892,114.3678
2024-01-13 11:00:00,Sungai_Watugede,236.27,63.73,12.448,AMAN,RENDAH,1.8,66.9,27.2,NORMAL,-8.2251,114.3562
2024-01-08 01:00:00,Sungai_Bajulmati,157.48,142.52,43.628,AMAN,RENDAH,0.6,69.1,27.9,NORMAL,-8.1892,114.3678
2024-01-08 05:00:00,Sungai_Bajulmati,159.43,140.57,42.724,AMAN,RENDAH,6.2,75.5,25.7,NORMAL,-8.1892,114.3678
2024-03-08 18:00:00,Sungai_Watugede,157.63,142.37,43.558,AMAN,RENDAH,34.6,87.7,27.2,NORMAL,-8.2251,114.3562
2024-03-27 00:00:00,Sungai_Watugede,180.83,119.17,33.189,AMAN,RENDAH,15.8,73.4,29.7,NORMAL,-8.2251,114.3562
2024-03-24 00:00:00,Sungai_Kalibendo,153.86,146.14,45.322,AMAN,RENDAH,30.4,93.6,27.5,NORMAL,-8.2156,114.3452
2024-03-05 22:00:00,Sungai_Setail,154.04,145.96,45.236,AMAN,RENDAH,0.0,69.9,29.2,NORMAL,-8.1987,114.3891
2024-02-10 20:00:00,Sungai_Watugede,237.96,62.04,11.928,AMAN,RENDAH,26.5,83.5,26.3,ERROR,-8.2251,114.3562
2024-01-03 13:00:00,Sungai_Sumberagung,164.67,135.33,40.323,AMAN,RENDAH,4.8,72.2,29.3,NORMAL,-8.1763,114.3987
2024-01-30 08:00:00,Sungai_Sumberagung,182.96,117.04,32.277,AMAN,RENDAH,3.4,69.8,26.2,NORMAL,-8.1763,114.3987
2024-03-11 03:00:00,Sungai_Bajulmati,231.16,68.84,14.072,AMAN,RENDAH,2.3,80.2,25.8,NORMAL,-8.1892,114.3678
2024-03-22 17:00:00,Sungai_Sumberagung,226.39,73.61,15.645,AMAN,RENDAH,32.5,93.7,27.2,NORMAL,-8.1763,114.3987
2024-01-27 18:00:00,Sungai_Setail,209.35,90.65,21.71,AMAN,RENDAH,4.9,72.7,28.3,NORMAL,-8.1987,114.3891
2024-01-13 09:00:00,Sungai_Bajulmati,151.32,148.68,46.522,AMAN,RENDAH,0.0,67.0,29.4,NORMAL,-8.1892,114.3678
2024-02-21 05:00:00,Sungai_Sumberagung,154.92,145.08,44.824,AMAN,RENDAH,0.0,74.4,24.7,NORMAL,-8.1763,114.3987
2024-03-22 02:00:00,Sungai_Setail,204.04,95.96,23.727,AMAN,RENDAH,3.8,68.3,23.6,NORMAL,-8.1987,114.3891
2024-01-03 06:00:00,Sungai_Sumberagung,164.98,135.02,40.183,AMAN,RENDAH,0.2,75.2,29.2,NORMAL,-8.1763,114.3987
2024-03-15 22:00:00,Sungai_Sukowidi,199.26,100.74,25.591,AMAN,RENDAH,10.9,77.0,28.2,NORMAL,-8.2345,114.3216
2024-03-24 05:00:00,Sungai_Setail,159.18,140.82,42.843,AMAN,RENDAH,9.5,84.3,23.7,NORMAL,-8.1987,114.3891
2024-01-12 01:00:00,Sungai_Sumberagung,166.75,133.25,39.382,AMAN,RENDAH,4.3,71.3,26.8,NORMAL,-8.1763,114.3987
2024-02-13 03:00:00,Sungai_Setail,221.82,78.18,17.208,AMAN,RENDAH,20.4,83.9,25.9,NORMAL,-8.1987,114.3891
2024-03-06 23:00:00,Sungai_Kalibendo,180.78,119.22,33.209,AMAN,RENDAH,6.3,76.9,27.7,NORMAL,-8.2156,114.3452
2024-01-06 13:00:00,Sungai_Bajulmati,151.98,148.02,46.208,AMAN,RENDAH,2.8,72.6,31.7,NORMAL,-8.1892,114.3678
2024-03-22 21:00:00,Sungai_Bajulmati,150.97,149.03,46.688,AMAN,RENDAH,28.1,85.1,29.3,NORMAL,-8.1892,114.3678
2024-01-08 16:00:00,Sungai_Bajulmati,157.56,142.44,43.593,AMAN,RENDAH,3.3,81.5,27.5,NORMAL,-8.1892,114.3678
2024-01-18 17:00:00,Sungai_Sumberagung,162.85,137.15,41.154,AMAN,RENDAH,1.5,74.1,26.2,NORMAL,-8.1763,114.3987
2024-03-11 09:00:00,Sungai_Sumberagung,183.32,116.68,32.128,AMAN,RENDAH,0.4,77.3,28.2,NORMAL,-8.1763,114.3987
2024-02-07 22:00:00,Sungai_Setail,195.21,104.79,27.208,AMAN,RENDAH,4.6,69.3,27.4,NORMAL,-8.1987,114.3891
2024-01-30 21:00:00,Sungai_Sumberagung,158.86,141.14,42.989,AMAN,RENDAH,0.0,75.3,28.0,NORMAL,-8.1763,114.3987
2024-03-09 14:00:00,Sungai_Sukowidi,196.59,103.41,26.654,AMAN,RENDAH,17.5,75.8,31.7,NORMAL,-8.2345,114.3216
2024-03-14 10:00:00,Sungai_Bajulmati,155.66,144.34,44.478,AMAN,RENDAH,3.0,73.7,27.3,NORMAL,-8.1892,114.3678
2024-02-14 09:00:00,Sungai_Sumberagung,155.04,144.96,44.767,AMAN,RENDAH,0.0,69.2,26.4,NORMAL,-8.1763,114.3987
2024-02-14 20:00:00,Sungai_Sumberagung,156.2,143.8,44.228,AMAN,RENDAH,5.8,82.1,26.2,NORMAL,-8.1763,114.3987
2024-02-07 00:00:00,Sungai_Bajulmati,160.67,139.33,42.154,AMAN,RENDAH,1.5,67.4,27.1,NORMAL,-8.1892,114.3678
2024-01-26 15:00:00,Sungai_Sumberagung,171.23,128.77,37.377,AMAN,RENDAH,3.9,77.5,30.3,NORMAL,-8.1763,114.3987
2024-03-23 22:00:00,Sungai_Bajulmati,268.34,31.66,4.033,AMAN,RENDAH,6.8,79.3,29.2,ERROR,-8.1892,114.3678
2024-02-20 17:00:00,Sungai_Setail,185.87,114.13,31.051,AMAN,RENDAH,4.6,67.7,26.4,NORMAL,-8.1987,114.3891
2024-01-25 11:00:00,Sungai_Sumberagung,151.76,148.24,46.315,AMAN,RENDAH,1.0,75.2,28.3,NORMAL,-8.1763,114.3987
2024-02-21 06:00:00,Sungai_Setail,216.04,83.96,19.25,AMAN,RENDAH,27.0,84.5,29.6,NORMAL,-8.1987,114.3891
2024-03-23 16:00:00,Sungai_Setail,153.53,146.47,45.476,AMAN,RENDAH,6.9,76.1,26.6,NORMAL,-8.1987,114.3891
2024-01-31 07:00:00,Sungai_Bajulmati,154.2,145.8,45.161,AMAN,RENDAH,0.0,67.6,29.4,NORMAL,-8.1892,114.3678
2024-03-07 01:00:00,Sungai_Sumberagung,201.2,98.8,24.83,AMAN,RENDAH,13.4,82.2,29.6,NORMAL,-8.1763,114.3987
2024-02-24 06:00:00,Sungai_Bajulmati,161.97,138.03,41.554,AMAN,RENDAH,4.7,73.5,28.0,NORMAL,-8.1892,114.3678
2024-02-04 18:00:00,Sungai_Sumberagung,172.28,127.72,36.911,AMAN,RENDAH,0.0,76.0,28.5,NORMAL,-8.1763,114.3987
2024-02-04 22:00:00,Sungai_Bajulmati,163.4,136.6,40.903,AMAN,RENDAH,0.0,73.4,27.8,NORMAL,-8.1892,114.3678
2024-01-25 07:00:00,Sungai_Sumberagung,165.24,134.76,40.065,AMAN,RENDAH,5.2,77.5,26.7,NORMAL,-8.1763,114.3987
2024-03-27 05:00:00,Sungai_Sumberagung,151.93,148.07,46.234,AMAN,RENDAH,3.4,72.5,24.8,NORMAL,-8.1763,114.3987
2024-02-02 17:00:00,Sungai_Sumberagung,154.1,145.9,45.208,AMAN,RENDAH,5.5,75.3,26.5,NORMAL,-8.1763,114.3987
2024-03-08 05:00:00,Sungai_Sumberagung,179.85,120.15,33.61,AMAN,RENDAH,1.8,71.7,23.8,NORMAL,-8.1763,114.3987
2024-01-25 23:00:00,Sungai_Sumberagung,200.95,99.05,24.929,AMAN,RENDAH,20.4,80.2,29.2,NORMAL,-8.1763,114.3987
2024-02-18 20:00:00,Sungai_Bajulmati,171.87,128.13,37.095,AMAN,RENDAH,0.0,78.5,28.2,NORMAL,-8.1892,114.3678
2024-03-06 22:00:00,Sungai_Sumberagung,166.12,133.88,39.667,AMAN,RENDAH,0.1,69.6,28.0,NORMAL,-8.1763,114.3987
2024-01-18 08:00:00,Sungai_Kalibendo,206.27,93.73,22.873,AMAN,RENDAH,22.9,80.9,29.8,NORMAL,-8.2156,114.3452
2024-03-24 09:00:00,Sungai_Bajulmati,159.65,140.35,42.623,AMAN,RENDAH,0.0,69.4,28.9,NORMAL,-8.1892,114.3678
2024-03-06 06:00:00,Sungai_Bajulmati,250.93,49.07,8.195,AMAN,RENDAH,12.3,75.4,29.6,NORMAL,-8.1892,114.3678
2024-02-25 14:00:00,Sungai_Bajulmati,196.62,103.38,26.641,AMAN,RENDAH,12.1,85.0,32.7,NORMAL,-8.1892,114.3678
2024-02-02 19:00:00,Sungai_Watugede,150.62,149.38,46.851,AMAN,RENDAH,4.5,79.3,27.8,NORMAL,-8.2251,114.3562
2024-02-24 05:00:00,Sungai_Sumberagung,171.52,128.48,37.25,AMAN,RENDAH,25.5,89.5,23.1,NORMAL,-8.1763,114.3987
2024-02-16 06:00:00,Sungai_Sumberagung,181.98,118.02,32.698,AMAN,RENDAH,0.0,79.8,28.9,NORMAL,-8.1763,114.3987
2024-02-28 04:00:00,Sungai_Bajulmati,157.77,142.23,43.497,AMAN,RENDAH,18.0,85.0,23.6,NORMAL,-8.1892,114.3678
2024-03-14 08:00:00,Sungai_Kalibendo,174.83,125.17,35.791,AMAN,RENDAH,15.8,80.7,26.1,NORMAL,-8.2156,114.3452
2024-03-12 15:00:00,Sungai_Bajulmati,160.81,139.19,42.087,AMAN,RENDAH,0.1,78.6,29.1,NORMAL,-8.1892,114.3678
2024-01-12 03:00:00,Sungai_Sumberagung,176.78,123.22,34.937,AMAN,RENDAH,2.9,80.2,24.1,NORMAL,-8.1763,114.3987
2024-02-13 02:00:00,Sungai_Kalibendo,162.23,137.77,41.436,AMAN,RENDAH,13.8,84.4,22.7,NORMAL,-8.2156,114.3452
2024-01-27 11:00:00,Sungai_Sumberagung,151.59,148.41,46.391,AMAN,RENDAH,2.4,78.0,26.9,NORMAL,-8.1763,114.3987
2024-03-27 22:00:00,Sungai_Kalibendo,151.11,148.89,46.621,AMAN,RENDAH,8.0,69.0,28.9,NORMAL,-8.2156,114.3452
2024-03-01 07:00:00,Sungai_Sumberagung,172.34,127.66,36.884,AMAN,RENDAH,0.0,70.2,29.1,NORMAL,-8.1763,114.3987
2024-03-13 12:00:00,Sungai_Bajulmati,154.95,145.05,44.809,AMAN,RENDAH,0.0,79.5,29.4,NORMAL,-8.1892,114.3678
2024-01-10 23:00:00,Sungai_Setail,224.91,75.09,16.146,AMAN,RENDAH,24.7,78.6,27.4,NORMAL,-8.1987,114.3891
2024-01-15 03:00:00,Sungai_Kalibendo,214.9,85.1,19.662,AMAN,RENDAH,5.5,79.4,23.4,NORMAL,-8.2156,114.3452
2024-02-20 12:00:00,Sungai_Sumberagung,153.4,146.6,45.536,AMAN,RENDAH,0.0,74.1,32.1,NORMAL,-8.1763,114.3987
2024-01-14 14:00:00,Sungai_Sumberagung,162.13,137.87,41.485,AMAN,RENDAH,19.2,78.6,30.0,NORMAL,-8.1763,114.3987
2024-01-11 18:00:00,Sungai_Bajulmati,157.73,142.27,43.511,AMAN,RENDAH,14.3,84.8,27.3,NORMAL,-8.1892,114.3678
2024-02-25 10:00:00,Sungai_Bajulmati,150.31,149.69,47.001,AMAN,RENDAH,4.6,76.4,29.8,NORMAL,-8.1892,114.3678
2024-03-25 11:00:00,Sungai_Kalibendo,182.91,117.09,32.3,AMAN,RENDAH,17.9,74.5,26.9,NORMAL,-8.2156,114.3452
2024-03-17 12:00:00,Sungai_Bajulmati,159.01,140.99,42.918,AMAN,RENDAH,0.0,78.8,31.6,NORMAL,-8.1892,114.3678
2024-03-13 02:00:00,Sungai_Sumberagung,171.16,128.84,37.407,AMAN,RENDAH,4.0,73.2,23.9,NORMAL,-8.1763,114.3987
2024-02-12 21:00:00,Sungai_Sumberagung,160.38,139.62,42.288,AMAN,RENDAH,0.0,72.7,26.6,NORMAL,-8.1763,114.3987
2024-03-06 01:00:00,Sungai_Bajulmati,155.11,144.89,44.735,AMAN,RENDAH,4.2,81.8,28.7,NORMAL,-8.1892,114.3678
2024-02-20 18:00:00,Sungai_Sukowidi,218.29,81.71,18.446,AMAN,RENDAH,0.0,69.3,29.3,NORMAL,-8.2345,114.3216
2024-02-14 11:00:00,Sungai_Bajulmati,160.86,139.14,42.068,AMAN,RENDAH,4.0,73.1,29.0,NORMAL,-8.1892,114.3678
2024-01-22 11:00:00,Sungai_Bajulmati,158.25,141.75,43.273,AMAN,RENDAH,3.3,78.2,29.0,NORMAL,-8.1892,114.3678
2024-01-31 10:00:00,Sungai_Setail,168.92,131.08,38.405,AMAN,RENDAH,18.1,76.0,26.8,NORMAL,-8.1987,114.3891
2024-02-14 03:00:00,Sungai_Sumberagung,169.89,130.11,37.974,AMAN,RENDAH,3.6,72.4,22.5,NORMAL,-8.1763,114.3987
2024-01-09 12:00:00,Sungai_Sukowidi,152.77,147.23,45.834,AMAN,RENDAH,6.8,76.6,30.8,NORMAL,-8.2345,114.3216
2024-03-07 09:00:00,Sungai_Bajulmati,160.98,139.02,42.01,AMAN,RENDAH,1.8,68.3,28.2,NORMAL,-8.1892,114.3678
2024-03-14 23:00:00,Sungai_Sumberagung,180.07,119.93,33.516,AMAN,RENDAH,1.1,78.8,27.5,NORMAL,-8.1763,114.3987
2024-03-11 01:00:00,Sungai_Sumberagung,165.47,134.53,39.961,AMAN,RENDAH,5.0,78.8,26.9,NORMAL,-8.1763,114.3987
2024-01-29 09:00:00,Sungai_Kalibendo,182.79,117.21,32.353,AMAN,RENDAH,10.5,80.0,29.6,NORMAL,-8.2156,114.3452
2024-01-31 20:00:00,Sungai_Sukowidi,175.39,124.61,35.543,AMAN,RENDAH,13.9,84.0,29.6,NORMAL,-8.2345,114.3216
2024-02-24 12:00:00,Sungai_Kalibendo,198.44,101.56,25.917,AMAN,RENDAH,6.3,81.8,29.4,NORMAL,-8.2156,114.3452
2024-03-24 01:00:00,Sungai_Bajulmati,158.87,141.13,42.986,AMAN,RENDAH,2.3,78.2,26.1,NORMAL,-8.1892,114.3678
2024-01-27 08:00:00,Sungai_Bajulmati,162.13,137.87,41.481,AMAN,RENDAH,1.0,68.2,29.9,NORMAL,-8.1892,114.3678
2024-03-01 03:00:00,Sungai_Bajulmati,253.35,46.65,7.555,AMAN,RENDAH,12.9,77.5,25.8,NORMAL,-8.1892,114.3678
2024-03-13 23:00:00,Sungai_Bajulmati,185.87,114.13,31.049,AMAN,RENDAH,9.7,84.0,27.4,NORMAL,-8.1892,114.3678
2024-02-09 10:00:00,Sungai_Bajulmati,152.44,147.56,45.991,AMAN,RENDAH,5.4,81.6,27.3,NORMAL,-8.1892,114.3678
2024-02-09 07:00:00,Sungai_Bajulmati,153.77,146.23,45.363,AMAN,RENDAH,7.4,80.3,28.1,NORMAL,-8.1892,114.3678
2024-03-06 17:00:00,Sungai_Bajulmati,162.27,137.73,41.421,AMAN,RENDAH,2.8,74.1,26.2,NORMAL,-8.1892,114.3678
2024-01-11 21:00:00,Sungai_Bajulmati,162.47,137.53,41.329,AMAN,RENDAH,2.2,73.5,26.2,NORMAL,-8.1892,114.3678
2024-01-15 08:00:00,Sungai_Bajulmati,153.33,146.67,45.574,AMAN,RENDAH,0.0,76.7,29.5,ERROR,-8.1892,114.3678
2024-02-29 06:00:00,Sungai_Setail,208.1,91.9,22.179,AMAN,RENDAH,4.3,77.2,27.7,NORMAL,-8.1987,114.3891
2024-03-13 01:00:00,Sungai_Setail,221.25,78.75,17.403,AMAN,RENDAH,19.1,88.3,29.0,NORMAL,-8.1987,114.3891
2024-01-16 14:00:00,Sungai_Bajulmati,175.69,124.31,35.413,AMAN,RENDAH,23.9,81.2,29.3,NORMAL,-8.1892,114.3678
2024-03-18 09:00:00,Sungai_Kalibendo,162.84,137.16,41.158,AMAN,RENDAH,12.0,78.2,26.6,NORMAL,-8.2156,114.3452
2024-03-07 13:00:00,Sungai_Setail,154.2,145.8,45.163,AMAN,RENDAH,7.5,79.9,31.5,NORMAL,-8.1987,114.3891
2024-01-17 14:00:00,Sungai_Sumberagung,159.12,140.88,42.868,AMAN,RENDAH,4.0,81.4,30.5,NORMAL,-8.1763,114.3987
2024-02-26 00:00:00,Sungai_Bajulmati,168.23,131.77,38.718,AMAN,RENDAH,0.0,72.8,28.8,NORMAL,-8.1892,114.3678
2024-01-17 05:00:00,Sungai_Sumberagung,164.79,135.21,40.269,AMAN,RENDAH,3.6,77.2,23.1,NORMAL,-8.1763,114.3987
2024-01-16 04:00:00,Sungai_Sukowidi,175.86,124.14,35.336,AMAN,RENDAH,11.1,73.9,23.4,NORMAL,-8.2345,114.3216
2024-01-15 22:00:00,Sungai_Sumberagung,165.51,134.49,39.944,AMAN,RENDAH,0.0,79.2,27.9,NORMAL,-8.1763,114.3987
2024-01-15 02:00:00,Sungai_Bajulmati,163.13,136.87,41.028,AMAN,RENDAH,0.5,76.5,23.2,NORMAL,-8.1892,114.3678
2024-01-27 03:00:00,Sungai_Bajulmati,184.47,115.53,31.64,AMAN,RENDAH,5.2,78.2,23.9,NORMAL,-8.1892,114.3678
2024-03-30 20:00:00,Sungai_Sumberagung,230.42,69.58,14.312,AMAN,RENDAH,22.4,78.5,29.5,NORMAL,-8.1763,114.3987
2024-01-29 17:00:00,Sungai_Bajulmati,158.35,141.65,43.224,AMAN,RENDAH,2.8,66.9,29.3,NORMAL,-8.1892,114.3678
2024-02-08 19:00:00,Sungai_Sumberagung,174.71,125.29,35.844,AMAN,RENDAH,0.0,75.3,28.3,NORMAL,-8.1763,114.3987
2024-02-17 00:00:00,Sungai_Sumberagung,166.64,133.36,39.434,AMAN,RENDAH,8.5,75.6,28.3,NORMAL,-8.1763,114.3987
2024-03-08 01:00:00,Sungai_Sumberagung,166.97,133.03,39.282,AMAN,RENDAH,5.3,79.8,29.3,NORMAL,-8.1763,114.3987
2024-01-22 12:00:00,Sungai_Sumberagung,159.54,140.46,42.673,AMAN,RENDAH,0.9,66.3,30.4,NORMAL,-8.1763,114.3987
2024-03-04 12:00:00,Sungai_Sumberagung,176.24,123.76,35.174,AMAN,RENDAH,5.1,68.9,31.2,NORMAL,-8.1763,114.3987
2024-01-14 20:00:00,Sungai_Bajulmati,155.59,144.41,44.51,AMAN,RENDAH,13.9,82.7,26.5,NORMAL,-8.1892,114.3678
2024-03-29 15:00:00,Sungai_Setail,177.24,122.76,34.736,AMAN,RENDAH,8.2,75.6,30.9,NORMAL,-8.1987,114.3891
2024-01-08 09:00:00,Sungai_Sumberagung,171.85,128.15,37.103,AMAN,RENDAH,0.0,77.9,29.7,NORMAL,-8.1763,114.3987
2024-02-28 07:00:00,Sungai_Sumberagung,152.49,147.51,45.968,AMAN,RENDAH,4.6,68.1,29.8,NORMAL,-8.1763,114.3987
2024-03-01 19:00:00,Sungai_Setail,238.7,61.3,11.699,AMAN,RENDAH,11.5,77.1,27.7,NORMAL,-8.1987,114.3891
2024-01-13 00:00:00,Sungai_Setail,155.61,144.39,44.504,AMAN,RENDAH,2.8,72.1,28.9,NORMAL,-8.1987,114.3891
2024-01-29 17:00:00,Sungai_Kalibendo,213.66,86.34,20.115,AMAN,RENDAH,10.3,71.5,28.9,NORMAL,-8.2156,114.3452
2024-03-13 05:00:00,Sungai_Sumberagung,174.79,125.21,35.807,AMAN,RENDAH,0.0,74.1,25.4,NORMAL,-8.1763,114.3987
2024-03-26 01:00:00,Sungai_Sumberagung,156.65,143.35,44.018,AMAN,RENDAH,3.9,68.2,29.0,NORMAL,-8.1763,114.3987
2024-02-12 11:00:00,Sungai_Sumberagung,167.35,132.65,39.112,AMAN,RENDAH,9.2,70.5,27.4,NORMAL,-8.1763,114.3987
2024-02-24 03:00:00,Sungai_Bajulmati,162.23,137.77,41.437,AMAN,RENDAH,2.0,68.0,22.2,NORMAL,-8.1892,114.3678
2024-02-13 15:00:00,Sungai_Sumberagung,254.63,45.37,7.222,AMAN,RENDAH,10.7,84.1,29.9,NORMAL,-8.1763,114.3987
2024-03-16 18:00:00,Sungai_Bajulmati,168.87,131.13,38.429,AMAN,RENDAH,33.6,86.2,29.1,NORMAL,-8.1892,114.3678
2024-01-31 21:00:00,Sungai_Sumberagung,150.28,149.72,47.012,AMAN,RENDAH,5.0,76.1,30.0,NORMAL,-8.1763,114.3987
2024-03-18 05:00:00,Sungai_Sumberagung,165.0,135.0,40.175,AMAN,RENDAH,2.6,72.1,25.3,NORMAL,-8.1763,114.3987
2024-03-21 10:00:00,Sungai_Bajulmati,247.52,52.48,9.128,AMAN,RENDAH,16.8,77.6,27.7,NORMAL,-8.1892,114.3678
2024-01-02 08:00:00,Sungai_Kalibendo,179.27,120.73,33.859,AMAN,RENDAH,14.7,75.8,27.3,NORMAL,-8.2156,114.3452
2024-02-15 15:00:00,Sungai_Sukowidi,154.04,145.96,45.236,AMAN,RENDAH,0.0,66.2,30.1,NORMAL,-8.2345,114.3216
2024-02-13 19:00:00,Sungai_Setail,151.17,148.83,46.594,AMAN,RENDAH,5.2,75.5,28.3,NORMAL,-8.1987,114.3891
2024-03-04 03:00:00,Sungai_Watugede,151.18,148.82,46.587,AMAN,RENDAH,20.3,87.8,24.4,NORMAL,-8.2251,114.3562
2024-01-11 10:00:00,Sungai_Sumberagung,152.78,147.22,45.832,AMAN,RENDAH,4.3,69.8,26.0,NORMAL,-8.1763,114.3987
2024-03-20 14:00:00,Sungai_Setail,170.51,129.49,37.699,AMAN,RENDAH,28.3,80.8,32.7,NORMAL,-8.1987,114.3891
2024-02-06 07:00:00,Sungai_Bajulmati,152.81,147.19,45.818,AMAN,RENDAH,0.0,67.5,27.4,NORMAL,-8.1892,114.3678
2024-02-12 19:00:00,Sungai_Bajulmati,186.96,113.04,30.595,AMAN,RENDAH,6.0,82.6,29.3,NORMAL,-8.1892,114.3678
2024-03-24 03:00:00,Sungai_Sumberagung,162.85,137.15,41.155,AMAN,RENDAH,3.7,78.7,22.8,NORMAL,-8.1763,114.3987
2024-01-07 17:00:00,Sungai_Kalibendo,207.13,92.87,22.547,AMAN,RENDAH,19.8,75.5,28.8,NORMAL,-8.2156,114.3452
2024-02-25 08:00:00,Sungai_Setail,150.27,149.73,47.021,AMAN,RENDAH,0.0,70.2,29.8,NORMAL,-8.1987,114.3891
2024-03-01 17:00:00,Sungai_Sukowidi,155.26,144.74,44.664,AMAN,RENDAH,12.3,71.3,26.7,NORMAL,-8.2345,114.3216
2024-01-07 08:00:00,Sungai_Sumberagung,175.95,124.05,35.301,AMAN,RENDAH,1.5,79.7,29.2,NORMAL,-8.1763,114.3987
2024-03-12 12:00:00,Sungai_Bajulmati,262.98,37.02,5.2,AMAN,RENDAH,17.1,82.4,31.5,NORMAL,-8.1892,114.3678
2024-02-06 09:00:00,Sungai_Sumberagung,177.14,122.86,34.78,AMAN,RENDAH,4.0,70.4,26.3,NORMAL,-8.1763,114.3987
2024-03-09 04:00:00,Sungai_Bajulmati,153.29,146.71,45.591,AMAN,RENDAH,1.1,69.4,22.8,NORMAL,-8.1892,114.3678
2024-03-30 02:00:00,Sungai_Bajulmati,162.18,137.82,41.459,AMAN,RENDAH,0.0,68.0,22.5,NORMAL,-8.1892,114.3678
2024-01-06 07:00:00,Sungai_Sumberagung,170.36,129.64,37.762,AMAN,RENDAH,0.3,65.7,27.7,NORMAL,-8.1763,114.3987
2024-02-07 01:00:00,Sungai_Sumberagung,178.83,121.17,34.048,AMAN,RENDAH,0.0,74.4,26.9,NORMAL,-8.1763,114.3987
2024-02-28 01:00:00,Sungai_Bajulmati,225.57,74.43,15.922,AMAN,RENDAH,11.7,72.7,27.6,NORMAL,-8.1892,114.3678
2024-03-29 05:00:00,Sungai_Watugede,153.72,146.28,45.386,AMAN,RENDAH,8.8,81.8,22.8,NORMAL,-8.2251,114.3562
2024-01-10 09:00:00,Sungai_Bajulmati,159.9,140.1,42.507,AMAN,RENDAH,5.1,73.6,26.7,NORMAL,-8.1892,114.3678
2024-02-24 17:00:00,Sungai_Bajulmati,187.1,112.9,30.537,AMAN,RENDAH,7.5,82.1,29.3,NORMAL,-8.1892,114.3678
2024-03-04 12:00:00,Sungai_Bajulmati,166.61,133.39,39.444,AMAN,RENDAH,4.4,80.4,30.4,NORMAL,-8.1892,114.3678
2024-02-11 05:00:00,Sungai_Sukowidi,184.19,115.81,31.759,AMAN,RENDAH,17.6,82.5,23.0,NORMAL,-8.2345,114.3216
2024-03-28 09:00:00,Sungai_Sumberagung,152.48,147.52,45.971,AMAN,RENDAH,0.0,78.5,28.3,NORMAL,-8.1763,114.3987
2024-01-06 05:00:00,Sungai_Setail,209.86,90.14,21.517,AMAN,RENDAH,0.0,69.8,24.0,NORMAL,-8.1987,114.3891
2024-02-08 20:00:00,Sungai_Sumberagung,223.89,76.11,16.494,AMAN,RENDAH,19.0,88.9,27.2,NORMAL,-8.1763,114.3987
2024-03-08 05:00:00,Sungai_Bajulmati,158.6,141.4,43.11,AMAN,RENDAH,0.0,66.0,22.0,NORMAL,-8.1892,114.3678
2024-01-30 10:00:00,Sungai_Sumberagung,154.25,145.75,45.139,AMAN,RENDAH,2.6,70.3,27.3,NORMAL,-8.1763,114.3987
2024-01-26 06:00:00,Sungai_Bajulmati,194.36,105.64,27.553,AMAN,RENDAH,24.3,82.6,28.6,NORMAL,-8.1892,114.3678
2024-03-16 14:00:00,Sungai_Bajulmati,152.57,147.43,45.928,AMAN,RENDAH,0.0,77.0,32.9,NORMAL,-8.1892,114.3678
2024-02-07 21:00:00,Sungai_Watugede,179.02,120.98,33.968,AMAN,RENDAH,5.3,73.4,27.2,NORMAL,-8.2251,114.3562
2024-03-09 14:00:00,Sungai_Sumberagung,170.72,129.28,37.604,AMAN,RENDAH,3.9,80.6,30.3,NORMAL,-8.1763,114.3987
2024-02-07 02:00:00,Sungai_Bajulmati,242.63,57.37,10.526,AMAN,RENDAH,20.2,75.3,22.7,NORMAL,-8.1892,114.3678
2024-03-16 04:00:00,Sungai_Sumberagung,162.36,137.64,41.377,AMAN,RENDAH,0.0,75.0,25.8,NORMAL,-8.1763,114.3987
2024-02-25 06:00:00,Sungai_Kalibendo,194.45,105.55,27.516,AMAN,RENDAH,10.2,76.9,29.9,NORMAL,-8.2156,114.3452
2024-03-19 00:00:00,Sungai_Bajulmati,182.7,117.3,32.388,AMAN,RENDAH,21.3,79.1,26.6,NORMAL,-8.1892,114.3678
2024-02-08 16:00:00,Sungai_Watugede,169.54,130.46,38.131,AMAN,RENDAH,21.8,84.1,26.1,NORMAL,-8.2251,114.3562
2024-01-17 03:00:00,Sungai_Bajulmati,161.17,138.83,41.922,AMAN,RENDAH,6.1,72.3,22.1,NORMAL,-8.1892,114.3678
2024-03-11 02:00:00,Sungai_Setail,184.66,115.34,31.561,AMAN,RENDAH,22.5,77.8,22.7,NORMAL,-8.1987,114.3891
2024-01-06 01:00:00,Sungai_Watugede,152.49,147.51,45.969,AMAN,RENDAH,3.3,79.5,29.4,NORMAL,-8.2251,114.3562
2024-01-29 21:00:00,Sungai_Watugede,172.14,127.86,36.975,AMAN,RENDAH,11.8,82.5,26.3,NORMAL,-8.2251,114.3562
2024-02-07 12:00:00,Sungai_Sumberagung,157.13,142.87,43.793,AMAN,RENDAH,6.7,75.0,29.8,NORMAL,-8.1763,114.3987
2024-01-20 17:00:00,Sungai_Sumberagung,151.17,148.83,46.591,AMAN,RENDAH,2.3,74.8,28.2,NORMAL,-8.1763,114.3987
2024-01-25 09:00:00,Sungai_Sukowidi,150.08,149.92,47.109,AMAN,RENDAH,5.0,73.7,26.8,NORMAL,-8.2345,114.3216
2024-01-04 03:00:00,Sungai_Bajulmati,161.6,138.4,41.726,AMAN,RENDAH,1.9,74.0,23.4,NORMAL,-8.1892,114.3678
2024-02-17 03:00:00,Sungai_Setail,180.95,119.05,33.136,AMAN,RENDAH,16.0,78.2,25.8,NORMAL,-8.1987,114.3891
2024-01-05 09:00:00,Sungai_Kalibendo,173.67,126.33,36.296,AMAN,RENDAH,2.5,70.5,29.7,NORMAL,-8.2156,114.3452
2024-03-24 06:00:00,Sungai_Bajulmati,190.05,109.95,29.31,AMAN,RENDAH,16.4,83.4,26.5,NORMAL,-8.1892,114.3678
2024-03-09 15:00:00,Sungai_Sumberagung,267.06,32.94,4.302,AMAN,RENDAH,27.2,86.7,32.9,NORMAL,-8.1763,114.3987
2024-02-24 09:00:00,Sungai_Sumberagung,179.52,120.48,33.752,AMAN,RENDAH,5.3,73.9,28.7,NORMAL,-8.1763,114.3987
2024-02-26 18:00:00,Sungai_Sumberagung,155.25,144.75,44.67,AMAN,RENDAH,0.9,75.7,29.0,NORMAL,-8.1763,114.3987
2024-03-23 18:00:00,Sungai_Watugede,224.11,75.89,16.418,AMAN,RENDAH,9.5,74.8,29.7,NORMAL,-8.2251,114.3562
2024-01-30 02:00:00,Sungai_Setail,151.65,148.35,46.364,AMAN,RENDAH,1.8,79.1,24.7,NORMAL,-8.1987,114.3891
2024-01-12 08:00:00,Sungai_Sumberagung,182.19,117.81,32.608,AMAN,RENDAH,19.3,85.0,28.7,NORMAL,-8.1763,114.3987
2024-01-20 15:00:00,Sungai_Sumberagung,155.99,144.01,44.323,AMAN,RENDAH,4.7,82.2,30.2,NORMAL,-8.1763,114.3987
2024-03-02 02:00:00,Sungai_Sumberagung,168.76,131.24,38.481,AMAN,RENDAH,3.6,77.1,24.4,NORMAL,-8.1763,114.3987
2024-02-12 22:00:00,Sungai_Bajulmati,161.68,138.32,41.69,AMAN,RENDAH,5.8,80.5,28.7,NORMAL,-8.1892,114.3678
2024-03-11 12:00:00,Sungai_Sumberagung,168.04,131.96,38.803,AMAN,RENDAH,4.2,76.2,32.1,NORMAL,-8.1763,114.3987
2024-03-13 06:00:00,Sungai_Sumberagung,249.64,50.36,8.544,AMAN,RENDAH,8.0,76.0,26.5,NORMAL,-8.1763,114.3987
2024-03-08 08:00:00,Sungai_Setail,194.6,105.4,27.454,AMAN,RENDAH,11.9,77.6,26.9,NORMAL,-8.1987,114.3891
2024-03-08 14:00:00,Sungai_Bajulmati,241.94,58.06,10.729,AMAN,RENDAH,22.9,90.2,31.0,NORMAL,-8.1892,114.3678
2024-01-01 19:00:00,Sungai_Sumberagung,150.87,149.13,46.733,AMAN,RENDAH,0.0,68.9,26.1,NORMAL,-8.1763,114.3987
2024-02-07 00:00:00,Sungai_Sumberagung,171.69,128.31,37.171,AMAN,RENDAH,5.6,78.5,29.2,NORMAL,-8.1763,114.3987
2024-01-06 09:00:00,Sungai_Sumberagung,169.01,130.99,38.366,AMAN,RENDAH,4.5,70.7,28.8,NORMAL,-8.1763,114.3987
2024-01-09 12:00:00,Sungai_Sumberagung,151.23,148.77,46.562,AMAN,RENDAH,1.4,68.4,32.2,ERROR,-8.1763,114.3987
2024-01-05 15:00:00,Sungai_Setail,182.77,117.23,32.36,AMAN,RENDAH,9.6,70.9,29.0,NORMAL,-8.1987,114.3891
2024-03-03 03:00:00,Sungai_Sumberagung,248.28,51.72,8.916,AMAN,RENDAH,16.7,77.9,25.1,NORMAL,-8.1763,114.3987
2024-02-16 16:00:00,Sungai_Sumberagung,158.63,141.37,43.095,AMAN,RENDAH,7.0,75.4,27.8,NORMAL,-8.1763,114.3987
2024-01-18 19:00:00,Sungai_Sumberagung,161.38,138.62,41.829,AMAN,RENDAH,6.8,70.0,26.5,NORMAL,-8.1763,114.3987
2024-01-02 01:00:00,Sungai_Setail,217.97,82.03,18.561,AMAN,RENDAH,10.2,74.8,26.5,NORMAL,-8.1987,114.3891
2024-02-01 22:00:00,Sungai_Setail,161.57,138.43,41.741,AMAN,RENDAH,19.8,82.3,29.8,NORMAL,-8.1987,114.3891
2024-01-12 16:00:00,Sungai_Bajulmati,170.49,129.51,37.707,AMAN,RENDAH,0.0,79.1,26.6,NORMAL,-8.1892,114.3678
2024-01-15 18:00:00,Sungai_Bajulmati,170.02,129.98,37.917,AMAN,RENDAH,9.6,79.3,27.7,NORMAL,-8.1892,114.3678
2024-03-24 14:00:00,Sungai_Kalibendo,193.32,106.68,27.974,AMAN,RENDAH,17.0,84.2,30.6,NORMAL,-8.2156,114.3452
2024-01-15 09:00:00,Sungai_Kalibendo,179.85,120.15,33.608,AMAN,RENDAH,2.8,80.9,27.8,NORMAL,-8.2156,114.3452
2024-02-15 03:00:00,Sungai_Sumberagung,156.43,143.57,44.118,AMAN,RENDAH,0.2,75.6,22.7,NORMAL,-8.1763,114.3987
2024-03-29 17:00:00,Sungai_Setail,204.76,95.24,23.452,AMAN,RENDAH,15.2,77.3,27.5,NORMAL,-8.1987,114.3891
2024-01-10 05:00:00,Sungai_Bajulmati,159.72,140.28,42.594,AMAN,RENDAH,1.6,69.7,24.0,NORMAL,-8.1892,114.3678
2024-01-21 05:00:00,Sungai_Setail,169.59,130.41,38.107,AMAN,RENDAH,7.6,81.3,24.7,NORMAL,-8.1987,114.3891
2024-01-02 11:00:00,Sungai_Kalibendo,206.35,93.65,22.843,AMAN,RENDAH,22.0,85.8,27.8,NORMAL,-8.2156,114.3452
2024-03-08 14:00:00,Sungai_Sumberagung,253.96,46.04,7.396,AMAN,RENDAH,14.3,74.6,32.6,NORMAL,-8.1763,114.3987
2024-02-29 14:00:00,Sungai_Bajulmati,244.88,55.12,9.875,AMAN,RENDAH,0.0,66.1,32.0,NORMAL,-8.1892,114.3678
2024-01-22 16:00:00,Sungai_Bajulmati,152.57,147.43,45.932,AMAN,RENDAH,4.3,72.1,26.2,NORMAL,-8.1892,114.3678
2024-01-31 03:00:00,Sungai_Sumberagung,177.72,122.28,34.53,AMAN,RENDAH,0.0,69.2,22.2,NORMAL,-8.1763,114.3987
2024-02-07 15:00:00,Sungai_Setail,202.71,97.29,24.244,AMAN,RENDAH,8.7,82.0,30.7,NORMAL,-8.1987,114.3891
2024-02-13 20:00:00,Sungai_Setail,188.65,111.35,29.891,AMAN,RENDAH,20.7,81.5,29.4,NORMAL,-8.1987,114.3891
2024-01-23 17:00:00,Sungai_Bajulmati,232.93,67.07,13.503,AMAN,RENDAH,23.1,80.2,28.2,NORMAL,-8.1892,114.3678
2024-01-07 04:00:00,Sungai_Kalibendo,217.77,82.23,18.63,AMAN,RENDAH,14.2,74.5,23.9,NORMAL,-8.2156,114.3452
2024-01-15 12:00:00,Sungai_Sumberagung,152.77,147.23,45.834,AMAN,RENDAH,7.1,75.0,31.9,NORMAL,-8.1763,114.3987
2024-02-27 06:00:00,Sungai_Sumberagung,159.61,140.39,42.643,AMAN,RENDAH,0.0,79.1,26.2,NORMAL,-8.1763,114.3987
2024-02-11 08:00:00,Sungai_Sumberagung,218.67,81.33,18.313,AMAN,RENDAH,12.2,82.3,26.3,NORMAL,-8.1763,114.3987
2024-02-03 10:00:00,Sungai_Sumberagung,171.98,128.02,37.044,AMAN,RENDAH,4.0,67.4,26.4,NORMAL,-8.1763,114.3987
2024-02-07 11:00:00,Sungai_Sumberagung,173.81,126.19,36.238,AMAN,RENDAH,3.5,76.7,27.4,NORMAL,-8.1763,114.3987
2024-02-11 12:00:00,Sungai_Sumberagung,224.85,75.15,16.165,AMAN,RENDAH,15.9,74.9,32.8,NORMAL,-8.1763,114.3987
2024-02-25 03:00:00,Sungai_Sumberagung,167.56,132.44,39.017,AMAN,RENDAH,2.8,68.5,24.6,NORMAL,-8.1763,114.3987
2024-02-06 12:00:00,Sungai_Bajulmati,210.48,89.52,21.286,AMAN,RENDAH,18.8,80.6,30.4,NORMAL,-8.1892,114.3678
2024-01-07 04:00:00,Sungai_Sumberagung,172.8,127.2,36.684,AMAN,RENDAH,8.4,79.7,22.8,NORMAL,-8.1763,114.3987
2024-01-13 03:00:00,Sungai_Sumberagung,150.01,149.99,47.141,AMAN,RENDAH,6.2,79.3,23.6,NORMAL,-8.1763,114.3987
2024-01-27 18:00:00,Sungai_Bajulmati,160.94,139.06,42.03,AMAN,RENDAH,0.0,75.4,27.6,NORMAL,-8.1892,114.3678
2024-03-20 05:00:00,Sungai_Bajulmati,176.85,123.15,34.906,AMAN,RENDAH,7.9,69.6,25.2,NORMAL,-8.1892,114.3678
2024-02-29 07:00:00,Sungai_Setail,153.07,146.93,45.692,AMAN,RENDAH,0.0,72.7,26.1,NORMAL,-8.1987,114.3891
2024-02-17 10:00:00,Sungai_Setail,179.34,120.66,33.827,AMAN,RENDAH,21.4,83.0,29.1,NORMAL,-8.1987,114.3891
2024-03-14 22:00:00,Sungai_Sukowidi,217.57,82.43,18.701,AMAN,RENDAH,22.0,79.6,29.0,NORMAL,-8.2345,114.3216
2024-02-25 08:00:00,Sungai_Sumberagung,160.16,139.84,42.388,AMAN,RENDAH,0.0,79.8,27.2,NORMAL,-8.1763,114.3987
2024-03-28 20:00:00,Sungai_Bajulmati,157.75,142.25,43.506,AMAN,RENDAH,0.0,77.5,26.7,NORMAL,-8.1892,114.3678
2024-03-04 10:00:00,Sungai_Watugede,190.52,109.48,29.116,AMAN,RENDAH,12.0,71.8,29.8,NORMAL,-8.2251,114.3562
2024-02-29 18:00:00,Sungai_Bajulmati,154.17,145.83,45.175,AMAN,RENDAH,0.0,66.3,26.5,NORMAL,-8.1892,114.3678
2024-01-16 13:00:00,Sungai_Watugede,203.66,96.34,23.875,AMAN,RENDAH,19.6,82.5,30.5,NORMAL,-8.2251,114.3562
2024-03-26 16:00:00,Sungai_Bajulmati,155.32,144.68,44.636,AMAN,RENDAH,18.8,76.9,28.5,NORMAL,-8.1892,114.3678
2024-03-17 07:00:00,Sungai_Bajulmati,159.22,140.78,42.822,AMAN,RENDAH,6.5,77.5,27.6,NORMAL,-8.1892,114.3678
2024-01-07 10:00:00,Sungai_Sumberagung,191.67,108.33,28.647,AMAN,RENDAH,17.2,84.6,28.4,NORMAL,-8.1763,114.3987
2024-02-22 11:00:00,Sungai_Setail,150.96,149.04,46.69,AMAN,RENDAH,0.0,75.7,28.3,NORMAL,-8.1987,114.3891
2024-03-01 00:00:00,Sungai_Sumberagung,165.66,134.34,39.877,AMAN,RENDAH,0.0,78.2,29.5,NORMAL,-8.1763,114.3987
2024-02-25 12:00:00,Sungai_Kalibendo,235.29,64.71,12.754,AMAN,RENDAH,23.6,82.4,31.4,NORMAL,-8.2156,114.3452
2024-02-24 20:00:00,Sungai_Watugede,217.16,82.84,18.847,AMAN,RENDAH,26.5,82.9,26.8,NORMAL,-8.2251,114.3562
2024-03-27 21:00:00,Sungai_Sumberagung,151.77,148.23,46.305,AMAN,RENDAH,0.8,66.8,27.7,NORMAL,-8.1763,114.3987
2024-03-24 11:00:00,Sungai_Sumberagung,159.27,140.73,42.802,AMAN,RENDAH,0.6,67.2,28.0,NORMAL,-8.1763,114.3987
2024-01-23 19:00:00,Sungai_Sumberagung,151.79,148.21,46.296,AMAN,RENDAH,1.2,73.0,29.3,NORMAL,-8.1763,114.3987
2024-02-21 20:00:00,Sungai_Bajulmati,152.22,147.78,46.094,AMAN,RENDAH,2.3,76.5,26.9,NORMAL,-8.1892,114.3678
2024-03-16 18:00:00,Sungai_Sumberagung,170.96,129.04,37.498,AMAN,RENDAH,5.0,74.4,27.4,NORMAL,-8.1763,114.3987
2024-01-30 08:00:00,Sungai_Setail,184.05,115.95,31.816,AMAN,RENDAH,10.0,73.4,27.3,NORMAL,-8.1987,114.3891
2024-02-05 09:00:00,Sungai_Bajulmati,159.75,140.25,42.58,AMAN,RENDAH,0.0,74.9,26.3,NORMAL,-8.1892,114.3678
2024-02-21 03:00:00,Sungai_Sukowidi,178.31,121.69,34.275,AMAN,RENDAH,4.5,69.9,23.8,NORMAL,-8.2345,114.3216
2024-03-10 01:00:00,Sungai_Kalibendo,209.82,90.18,21.534,AMAN,RENDAH,16.2,75.9,28.9,NORMAL,-8.2156,114.3452
2024-01-07 22:00:00,Sungai_Sumberagung,153.43,146.57,45.526,AMAN,RENDAH,7.5,75.1,29.8,NORMAL,-8.1763,114.3987
2024-02-24 07:00:00,Sungai_Sumberagung,170.84,129.16,37.552,AMAN,RENDAH,7.2,80.3,27.3,NORMAL,-8.1763,114.3987
2024-03-19 16:00:00,Sungai_Sumberagung,155.23,144.77,44.679,AMAN,RENDAH,4.4,69.8,29.2,NORMAL,-8.1763,114.3987
2024-02-11 17:00:00,Sungai_Bajulmati,155.57,144.43,44.521,AMAN,RENDAH,7.8,70.3,28.8,NORMAL,-8.1892,114.3678
2024-03-03 18:00:00,Sungai_Sumberagung,164.51,135.49,40.397,AMAN,RENDAH,0.8,72.0,28.2,NORMAL,-8.1763,114.3987
2024-01-14 04:00:00,Sungai_Bajulmati,169.88,130.12,37.981,AMAN,RENDAH,1.4,76.6,22.5,NORMAL,-8.1892,114.3678
2024-02-13 06:00:00,Sungai_Sukowidi,180.98,119.02,33.124,AMAN,RENDAH,21.3,76.5,29.0,NORMAL,-8.2345,114.3216
2024-01-31 16:00:00,Sungai_Sumberagung,171.81,128.19,37.118,AMAN,RENDAH,0.8,77.2,26.1,NORMAL,-8.1763,114.3987
2024-01-27 07:00:00,Sungai_Sumberagung,156.35,143.65,44.157,AMAN,RENDAH,0.0,77.0,28.4,NORMAL,-8.1763,114.3987
2024-02-20 09:00:00,Sungai_Sumberagung,184.75,115.25,31.521,AMAN,RENDAH,24.0,90.5,26.5,NORMAL,-8.1763,114.3987
2024-02-16 04:00:00,Sungai_Watugede,222.67,77.33,16.912,AMAN,RENDAH,16.4,80.1,25.3,NORMAL,-8.2251,114.3562
2024-01-06 22:00:00,Sungai_Sumberagung,169.42,130.58,38.182,AMAN,RENDAH,5.2,69.7,26.1,NORMAL,-8.1763,114.3987
2024-01-19 09:00:00,Sungai_Sumberagung,221.79,78.21,17.216,AMAN,RENDAH,10.6,77.8,28.7,NORMAL,-8.1763,114.3987
2024-02-09 00:00:00,Sungai_Sumberagung,181.07,118.93,33.086,AMAN,RENDAH,14.5,72.4,27.9,NORMAL,-8.1763,114.3987
2024-02-18 05:00:00,Sungai_Bajulmati,164.03,135.97,40.615,AMAN,RENDAH,2.0,80.3,22.7,NORMAL,-8.1892,114.3678
2024-03-24 05:00:00,Sungai_Kalibendo,160.14,139.86,42.397,AMAN,RENDAH,9.2,83.4,25.3,NORMAL,-8.2156,114.3452
2024-03-04 01:00:00,Sungai_Bajulmati,208.49,91.51,22.032,AMAN,RENDAH,9.3,81.0,29.2,NORMAL,-8.1892,114.3678
2024-03-07 07:00:00,Sungai_Sumberagung,151.0,149.0,46.671,AMAN,RENDAH,0.0,72.1,29.4,NORMAL,-8.1763,114.3987
2024-02-22 20:00:00,Sungai_Kalibendo,154.01,145.99,45.251,AMAN,RENDAH,3.2,68.6,26.5,NORMAL,-8.2156,114.3452
2024-03-17 14:00:00,Sungai_Setail,211.53,88.47,20.899,AMAN,RENDAH,14.9,77.0,29.6,NORMAL,-8.1987,114.3891
2024-02-05 06:00:00,Sungai_Sumberagung,176.2,123.8,35.191,AMAN,RENDAH,3.4,75.3,29.3,NORMAL,-8.1763,114.3987
2024-03-11 07:00:00,Sungai_Sumberagung,154.84,145.16,44.862,AMAN,RENDAH,0.0,72.4,27.3,NORMAL,-8.1763,114.3987
2024-03-14 09:00:00,Sungai_Setail,78.96,221.04,83.955,BANJIR,TINGGI,4.4,74.7,29.4,NORMAL,-8.1987,114.3891
2024-02-03 04:00:00,Sungai_Sukowidi,76.0,224.0,85.606,BANJIR,TINGGI,4.1,70.6,22.2,NORMAL,-8.2345,114.3216
2024-03-02 18:00:00,Sungai_Setail,60.25,239.75,94.506,BANJIR,TINGGI,4.6,71.5,28.8,NORMAL,-8.1987,114.3891
2024-01-30 16:00:00,Sungai_Watugede,87.3,212.7,79.36,BANJIR,TINGGI,6.9,83.4,27.9,NORMAL,-8.2251,114.3562
2024-01-14 16:00:00,Sungai_Sukowidi,57.95,242.05,95.823,BANJIR,TINGGI,1.0,69.7,28.5,NORMAL,-8.2345,114.3216
2024-03-15 00:00:00,Sungai_Sumberagung,71.7,228.3,88.012,BANJIR,TINGGI,3.7,71.0,29.6,NORMAL,-8.1763,114.3987
2024-01-12 20:00:00,Sungai_Setail,94.63,205.37,75.367,BANJIR,TINGGI,5.1,80.4,27.5,NORMAL,-8.1987,114.3891
2024-01-06 07:00:00,Sungai_Sukowidi,93.74,206.26,75.85,BANJIR,TINGGI,3.6,67.3,28.9,NORMAL,-8.2345,114.3216
2024-03-16 11:00:00,Sungai_Watugede,59.37,240.63,95.009,BANJIR,TINGGI,4.7,67.9,27.9,NORMAL,-8.2251,114.3562
2024-03-05 07:00:00,Sungai_Bajulmati,80.04,219.96,83.355,BANJIR,TINGGI,5.6,72.5,29.6,NORMAL,-8.1892,114.3678
2024-03-09 15:00:00,Sungai_Bajulmati,66.44,233.56,90.982,BANJIR,TINGGI,0.9,67.5,32.9,NORMAL,-8.1892,114.3678
2024-02-28 20:00:00,Sungai_Sumberagung,93.13,206.87,76.181,BANJIR,TINGGI,1.5,77.6,28.6,NORMAL,-8.1763,114.3987
2024-02-10 11:00:00,Sungai_Sukowidi,59.35,240.65,95.018,BANJIR,TINGGI,0.0,75.5,29.2,NORMAL,-8.2345,114.3216
2024-01-06 17:00:00,Sungai_Sumberagung,81.54,218.46,82.529,BANJIR,TINGGI,2.4,72.1,27.6,NORMAL,-8.1763,114.3987
2024-02-09 20:00:00,Sungai_Watugede,89.44,210.56,78.186,BANJIR,TINGGI,0.0,77.4,28.4,NORMAL,-8.2251,114.3562
2024-02-25 05:00:00,Sungai_Bajulmati,96.69,203.31,74.258,BANJIR,TINGGI,0.0,66.2,24.4,NORMAL,-8.1892,114.3678
2024-03-22 07:00:00,Sungai_Setail,70.09,229.91,88.921,BANJIR,TINGGI,0.0,76.7,27.0,NORMAL,-8.1987,114.3891
2024-01-18 07:00:00,Sungai_Kalibendo,87.93,212.07,79.012,BANJIR,TINGGI,2.6,69.3,26.8,NORMAL,-8.2156,114.3452
2024-02-04 00:00:00,Sungai_Kalibendo,49.24,250.76,100.852,BANJIR,TINGGI,0.0,76.8,28.5,NORMAL,-8.2156,114.3452
2024-01-02 03:00:00,Sungai_Sukowidi,98.55,201.45,73.261,BANJIR,TINGGI,1.9,69.8,24.5,NORMAL,-8.2345,114.3216
2024-02-24 21:00:00,Sungai_Kalibendo,98.19,201.81,73.452,BANJIR,TINGGI,5.9,75.4,27.5,NORMAL,-8.2156,114.3452
2024-02-06 05:00:00,Sungai_Bajulmati,58.5,241.5,95.509,BANJIR,TINGGI,0.0,70.4,23.7,NORMAL,-8.1892,114.3678
2024-03-03 05:00:00,Sungai_Setail,79.61,220.39,83.598,BANJIR,TINGGI,3.7,71.6,22.6,NORMAL,-8.1987,114.3891
2024-03-24 14:00:00,Sungai_Watugede,82.71,217.29,81.879,BANJIR,TINGGI,2.9,75.5,30.4,NORMAL,-8.2251,114.3562
2024-03-24 01:00:00,Sungai_Kalibendo,54.26,245.74,97.946,BANJIR,TINGGI,0.2,80.0,29.1,NORMAL,-8.2156,114.3452
2024-02-09 04:00:00,Sungai_Setail,54.36,245.64,97.886,BANJIR,TINGGI,2.4,69.0,22.0,NORMAL,-8.1987,114.3891
2024-01-03 21:00:00,Sungai_Bajulmati,96.24,203.76,74.499,BANJIR,TINGGI,5.6,74.6,27.3,NORMAL,-8.1892,114.3678
2024-01-11 18:00:00,Sungai_Sukowidi,54.5,245.5,97.807,BANJIR,TINGGI,2.5,78.6,27.0,NORMAL,-8.2345,114.3216
2024-01-01 06:00:00,Sungai_Watugede,51.58,248.42,99.491,BANJIR,TINGGI,0.0,79.8,29.0,NORMAL,-8.2251,114.3562
2024-02-17 02:00:00,Sungai_Sukowidi,75.77,224.23,85.733,BANJIR,TINGGI,2.3,69.4,24.2,NORMAL,-8.2345,114.3216
2024-03-06 00:00:00,Sungai_Sukowidi,90.81,209.19,77.444,BANJIR,TINGGI,2.0,74.5,28.7,NORMAL,-8.2345,114.3216
2024-03-23 07:00:00,Sungai_Kalibendo,86.12,213.88,80.007,BANJIR,TINGGI,0.0,77.9,26.2,NORMAL,-8.2156,114.3452
2024-01-09 06:00:00,Sungai_Sukowidi,87.37,212.63,79.318,BANJIR,TINGGI,1.7,68.8,29.1,NORMAL,-8.2345,114.3216
2024-03-28 14:00:00,Sungai_Bajulmati,52.19,247.81,99.139,BANJIR,TINGGI,0.9,76.5,29.3,NORMAL,-8.1892,114.3678
2024-02-26 23:00:00,Sungai_Kalibendo,71.08,228.92,88.364,BANJIR,TINGGI,0.0,67.4,29.0,NORMAL,-8.2156,114.3452
2024-01-19 05:00:00,Sungai_Bajulmati,54.25,245.75,97.95,BANJIR,TINGGI,0.0,66.4,23.6,NORMAL,-8.1892,114.3678
2024-01-17 00:00:00,Sungai_Setail,91.47,208.53,77.082,BANJIR,TINGGI,0.7,77.8,29.2,NORMAL,-8.1987,114.3891
2024-01-29 06:00:00,Sungai_Watugede,99.37,200.63,72.818,BANJIR,TINGGI,0.1,79.2,28.2,NORMAL,-8.2251,114.3562
2024-02-01 08:00:00,Sungai_Setail,59.63,240.37,94.858,BANJIR,TINGGI,5.8,79.2,30.0,NORMAL,-8.1987,114.3891
2024-01-23 00:00:00,Sungai_Sukowidi,43.67,256.33,104.097,BANJIR,TINGGI,0.0,77.8,28.8,NORMAL,-8.2345,114.3216
2024-03-06 03:00:00,Sungai_Watugede,49.97,250.03,100.424,BANJIR,TINGGI,4.1,73.7,25.8,NORMAL,-8.2251,114.3562
2024-02-12 18:00:00,Sungai_Watugede,97.63,202.37,73.755,BANJIR,TINGGI,0.0,68.3,29.8,NORMAL,-8.2251,114.3562
2024-03-30 06:00:00,Sungai_Sukowidi,56.42,243.58,96.703,BANJIR,TINGGI,5.6,82.6,28.0,NORMAL,-8.2345,114.3216
2024-01-25 03:00:00,Sungai_Bajulmati,72.32,227.68,87.665,BANJIR,TINGGI,0.0,66.4,25.4,NORMAL,-8.1892,114.3678
2024-01-23 14:00:00,Sungai_Kalibendo,70.69,229.31,88.582,BANJIR,TINGGI,1.0,76.8,29.7,NORMAL,-8.2156,114.3452
2024-02-02 22:00:00,Sungai_Watugede,50.92,249.08,99.873,BANJIR,TINGGI,1.6,77.4,29.7,NORMAL,-8.2251,114.3562
2024-03-25 03:00:00,Sungai_Kalibendo,46.16,253.84,102.642,BANJIR,TINGGI,0.0,74.1,25.4,NORMAL,-8.2156,114.3452
2024-01-28 07:00:00,Sungai_Bajulmati,71.26,228.74,88.262,BANJIR,TINGGI,0.0,70.0,26.6,NORMAL,-8.1892,114.3678
2024-03-25 09:00:00,Sungai_Setail,99.89,200.11,72.541,BANJIR,TINGGI,3.5,72.6,26.8,NORMAL,-8.1987,114.3891
2024-03-09 20:00:00,Sungai_Sukowidi,85.9,214.1,80.123,BANJIR,TINGGI,4.4,71.4,27.7,NORMAL,-8.2345,114.3216
2024-03-28 02:00:00,Sungai_Bajulmati,61.63,238.37,93.714,BANJIR,TINGGI,0.6,72.5,24.8,NORMAL,-8.1892,114.3678
2024-02-23 18:00:00,Sungai_Kalibendo,68.87,231.13,89.609,BANJIR,TINGGI,1.6,74.4,26.6,NORMAL,-8.2156,114.3452
2024-02-10 00:00:00,Sungai_Watugede,86.37,213.63,79.869,BANJIR,TINGGI,4.4,72.3,27.4,NORMAL,-8.2251,114.3562
2024-01-13 14:00:00,Sungai_Sukowidi,50.12,249.88,100.34,BANJIR,TINGGI,5.3,69.6,31.7,NORMAL,-8.2345,114.3216
2024-03-26 20:00:00,Sungai_Sukowidi,73.69,226.31,86.897,BANJIR,TINGGI,0.0,68.4,26.0,NORMAL,-8.2345,114.3216
2024-01-31 18:00:00,Sungai_Kalibendo,51.18,248.82,99.727,BANJIR,TINGGI,2.2,74.1,26.8,NORMAL,-8.2156,114.3452
2024-01-05 12:00:00,Sungai_Sukowidi,32.96,267.04,110.405,BANJIR,TINGGI,1.3,70.1,32.0,NORMAL,-8.2345,114.3216
2024-02-28 21:00:00,Sungai_Sumberagung,72.72,227.28,87.441,BANJIR,TINGGI,0.1,67.1,26.8,NORMAL,-8.1763,114.3987
2024-03-20 12:00:00,Sungai_Setail,64.39,235.61,92.147,BANJIR,TINGGI,1.5,70.3,29.2,NORMAL,-8.1987,114.3891
2024-02-29 06:00:00,Sungai_Sukowidi,97.65,202.35,73.74,BANJIR,TINGGI,5.0,73.5,26.9,NORMAL,-8.2345,114.3216
2024-03-10 20:00:00,Sungai_Sukowidi,89.91,210.09,77.93,BANJIR,TINGGI,9.3,84.2,27.9,NORMAL,-8.2345,114.3216
2024-02-28 03:00:00,Sungai_Setail,89.65,210.35,78.072,BANJIR,TINGGI,3.0,74.2,24.0,NORMAL,-8.1987,114.3891
2024-02-12 13:00:00,Sungai_Sukowidi,40.15,259.85,106.159,BANJIR,TINGGI,0.0,77.0,31.0,NORMAL,-8.2345,114.3216
2024-03-26 07:00:00,Sungai_Sukowidi,96.62,203.38,74.297,BANJIR,TINGGI,0.0,68.2,27.9,NORMAL,-8.2345,114.3216
2024-03-25 10:00:00,Sungai_Kalibendo,50.62,249.38,100.048,BANJIR,TINGGI,2.1,78.4,28.4,NORMAL,-8.2156,114.3452
2024-03-30 14:00:00,Sungai_Sukowidi,70.54,229.46,88.668,BANJIR,TINGGI,0.0,77.2,32.2,NORMAL,-8.2345,114.3216
2024-03-01 18:00:00,Sungai_Setail,87.14,212.86,79.445,BANJIR,TINGGI,0.0,66.5,29.2,NORMAL,-8.1987,114.3891
2024-02-27 02:00:00,Sungai_Bajulmati,84.62,215.38,80.828,BANJIR,TINGGI,7.5,74.1,23.5,NORMAL,-8.1892,114.3678
2024-01-26 22:00:00,Sungai_Sumberagung,99.61,200.39,72.691,BANJIR,TINGGI,0.0,75.5,29.3,NORMAL,-8.1763,114.3987
2024-01-22 04:00:00,Sungai_Watugede,90.77,209.23,77.462,BANJIR,TINGGI,1.3,69.9,22.1,NORMAL,-8.2251,114.3562
2024-03-11 18:00:00,Sungai_Watugede,81.5,218.5,82.552,BANJIR,TINGGI,0.0,73.1,26.4,NORMAL,-8.2251,114.3562
2024-01-03 10:00:00,Sungai_Watugede,72.67,227.33,87.468,BANJIR,TINGGI,9.8,73.6,28.9,NORMAL,-8.2251,114.3562
2024-02-25 14:00:00,Sungai_Watugede,81.2,218.8,82.715,BANJIR,TINGGI,0.5,75.1,30.7,NORMAL,-8.2251,114.3562
2024-03-17 13:00:00,Sungai_Setail,66.07,233.93,91.194,BANJIR,TINGGI,5.1,72.0,29.5,NORMAL,-8.1987,114.3891
2024-01-01 19:00:00,Sungai_Watugede,54.46,245.54,97.831,BANJIR,TINGGI,0.5,66.3,27.9,NORMAL,-8.2251,114.3562
2024-03-01 01:00:00,Sungai_Sukowidi,81.43,218.57,82.59,BANJIR,TINGGI,0.0,71.4,27.3,NORMAL,-8.2345,114.3216
2024-02-24 10:00:00,Sungai_Setail,75.43,224.57,85.922,BANJIR,TINGGI,1.8,73.9,28.4,NORMAL,-8.1987,114.3891
2024-03-21 18:00:00,Sungai_Kalibendo,48.5,251.5,101.277,BANJIR,TINGGI,1.7,75.6,26.1,NORMAL,-8.2156,114.3452
2024-02-15 16:00:00,Sungai_Sukowidi,88.87,211.13,78.5,BANJIR,TINGGI,1.3,79.2,29.7,NORMAL,-8.2345,114.3216
2024-02-25 13:00:00,Sungai_Sumberagung,91.38,208.62,77.131,BANJIR,TINGGI,0.0,76.7,31.4,NORMAL,-8.1763,114.3987
2024-01-11 12:00:00,Sungai_Kalibendo,76.5,223.5,85.324,BANJIR,TINGGI,2.0,69.4,31.5,NORMAL,-8.2156,114.3452
2024-02-09 04:00:00,Sungai_Kalibendo,68.27,231.73,89.944,BANJIR,TINGGI,1.9,69.0,22.8,NORMAL,-8.2156,114.3452
2024-01-25 15:00:00,Sungai_Sukowidi,37.4,262.6,107.782,BANJIR,TINGGI,0.0,67.9,31.4,NORMAL,-8.2345,114.3216
2024-03-08 14:00:00,Sungai_Sukowidi,97.8,202.2,73.659,BANJIR,TINGGI,0.0,70.9,30.9,NORMAL,-8.2345,114.3216
2024-03-05 10:00:00,Sungai_Sukowidi,70.4,229.6,88.744,BANJIR,TINGGI,1.7,71.1,27.2,NORMAL,-8.2345,114.3216
2024-03-09 18:00:00,Sungai_Kalibendo,49.36,250.64,100.778,BANJIR,TINGGI,2.7,68.5,29.7,NORMAL,-8.2156,114.3452
2024-02-29 14:00:00,Sungai_Kalibendo,97.52,202.48,73.81,BANJIR,TINGGI,0.0,77.6,30.9,NORMAL,-8.2156,114.3452
2024-01-17 13:00:00,Sungai_Bajulmati,60.55,239.45,94.332,BANJIR,TINGGI,0.3,67.8,32.9,NORMAL,-8.1892,114.3678
2024-02-18 00:00:00,Sungai_Sukowidi,88.93,211.07,78.464,BANJIR,TINGGI,2.6,80.3,29.2,NORMAL,-8.2345,114.3216
2024-03-02 01:00:00,Sungai_Setail,52.94,247.06,98.704,BANJIR,TINGGI,2.8,68.4,28.5,NORMAL,-8.1987,114.3891
2024-03-29 06:00:00,Sungai_Sukowidi,58.2,241.8,95.677,BANJIR,TINGGI,1.4,69.9,27.6,NORMAL,-8.2345,114.3216
2024-01-12 22:00:00,Sungai_Sukowidi,55.94,244.06,96.979,BANJIR,TINGGI,1.2,75.6,28.3,NORMAL,-8.2345,114.3216
2024-01-11 01:00:00,Sungai_Watugede,65.73,234.27,91.385,BANJIR,TINGGI,6.0,81.4,27.3,NORMAL,-8.2251,114.3562
2024-03-16 06:00:00,Sungai_Watugede,81.8,218.2,82.385,BANJIR,TINGGI,7.3,82.3,27.9,NORMAL,-8.2251,114.3562
2024-01-19 05:00:00,Sungai_Watugede,71.08,228.92,88.36,BANJIR,TINGGI,0.0,69.9,23.3,NORMAL,-8.2251,114.3562
2024-03-22 09:00:00,Sungai_Sukowidi,85.83,214.17,80.161,BANJIR,TINGGI,16.9,87.0,26.1,NORMAL,-8.2345,114.3216
2024-03-16 01:00:00,Sungai_Watugede,64.0,236.0,92.368,BANJIR,TINGGI,1.4,68.6,27.7,NORMAL,-8.2251,114.3562
2024-02-13 09:00:00,Sungai_Watugede,79.58,220.42,83.615,BANJIR,TINGGI,2.6,77.8,27.3,NORMAL,-8.2251,114.3562
2024-03-20 03:00:00,Sungai_Bajulmati,84.88,215.12,80.683,BANJIR,TINGGI,2.1,70.6,22.0,NORMAL,-8.1892,114.3678
2024-01-10 19:00:00,Sungai_Bajulmati,70.08,229.92,88.922,BANJIR,TINGGI,0.9,73.5,27.3,NORMAL,-8.1892,114.3678
2024-02-23 13:00:00,Sungai_Bajulmati,78.11,221.89,84.427,BANJIR,TINGGI,2.9,72.9,29.9,NORMAL,-8.1892,114.3678
2024-03-23 19:00:00,Sungai_Sukowidi,50.15,249.85,100.323,BANJIR,TINGGI,3.3,69.1,26.8,NORMAL,-8.2345,114.3216
2024-02-19 08:00:00,Sungai_Sumberagung,56.45,243.55,96.683,BANJIR,TINGGI,6.4,78.7,29.0,NORMAL,-8.1763,114.3987
2024-01-07 07:00:00,Sungai_Sukowidi,68.59,231.41,89.766,BANJIR,TINGGI,1.8,78.3,29.2,NORMAL,-8.2345,114.3216
2024-02-13 10:00:00,Sungai_Kalibendo,64.39,235.61,92.143,BANJIR,TINGGI,3.6,70.0,29.6,NORMAL,-8.2156,114.3452
2024-02-18 21:00:00,Sungai_Setail,97.8,202.2,73.663,BANJIR,TINGGI,0.0,75.6,27.5,NORMAL,-8.1987,114.3891
2024-02-18 23:00:00,Sungai_Sukowidi,71.08,228.92,88.362,BANJIR,TINGGI,1.8,74.3,27.8,NORMAL,-8.2345,114.3216
2024-03-22 10:00:00,Sungai_Kalibendo,89.77,210.23,78.009,BANJIR,TINGGI,2.0,66.0,28.8,NORMAL,-8.2156,114.3452
2024-02-18 05:00:00,Sungai_Watugede,73.94,226.06,86.758,BANJIR,TINGGI,2.0,76.3,25.7,NORMAL,-8.2251,114.3562
2024-01-21 03:00:00,Sungai_Sukowidi,62.93,237.07,92.976,BANJIR,TINGGI,4.4,73.3,25.6,NORMAL,-8.2345,114.3216
2024-03-27 20:00:00,Sungai_Bajulmati,57.7,242.3,95.965,BANJIR,TINGGI,2.0,79.0,27.4,NORMAL,-8.1892,114.3678
2024-02-17 09:00:00,Sungai_Setail,62.47,237.53,93.237,BANJIR,TINGGI,4.0,67.5,29.0,NORMAL,-8.1987,114.3891
2024-03-03 14:00:00,Sungai_Watugede,74.04,225.96,86.703,BANJIR,TINGGI,0.0,69.8,31.4,NORMAL,-8.2251,114.3562
2024-01-20 06:00:00,Sungai_Kalibendo,93.69,206.31,75.878,BANJIR,TINGGI,0.2,79.6,29.2,NORMAL,-8.2156,114.3452
2024-02-02 21:00:00,Sungai_Watugede,47.51,252.49,101.857,BANJIR,TINGGI,0.0,66.4,29.1,NORMAL,-8.2251,114.3562
2024-03-13 07:00:00,Sungai_Kalibendo,92.17,207.83,76.7,BANJIR,TINGGI,0.0,68.3,29.0,NORMAL,-8.2156,114.3452
2024-02-07 17:00:00,Sungai_Sukowidi,93.92,206.08,75.755,BANJIR,TINGGI,1.5,68.7,29.7,NORMAL,-8.2345,114.3216
2024-02-19 08:00:00,Sungai_Bajulmati,77.65,222.35,84.685,BANJIR,TINGGI,0.0,72.9,28.2,NORMAL,-8.1892,114.3678
2024-01-22 14:00:00,Sungai_Kalibendo,72.0,228.0,87.847,BANJIR,TINGGI,3.2,69.8,32.3,NORMAL,-8.2156,114.3452
2024-03-21 19:00:00,Sungai_Setail,65.19,234.81,91.693,BANJIR,TINGGI,6.0,82.0,27.9,NORMAL,-8.1987,114.3891
2024-03-30 21:00:00,Sungai_Setail,87.92,212.08,79.016,BANJIR,TINGGI,5.1,69.2,27.6,NORMAL,-8.1987,114.3891
2024-01-28 11:00:00,Sungai_Sukowidi,88.53,211.47,78.686,BANJIR,TINGGI,3.6,74.8,28.3,NORMAL,-8.2345,114.3216
2024-01-28 20:00:00,Sungai_Kalibendo,84.02,215.98,81.161,BANJIR,TINGGI,3.9,72.2,29.8,NORMAL,-8.2156,114.3452
2024-01-11 20:00:00,Sungai_Sumberagung,65.02,234.98,91.788,BANJIR,TINGGI,0.9,75.6,27.1,NORMAL,-8.1763,114.3987
2024-01-24 21:00:00,Sungai_Kalibendo,44.56,255.44,103.576,BANJIR,TINGGI,0.0,69.6,26.1,NORMAL,-8.2156,114.3452
2024-02-03 13:00:00,Sungai_Kalibendo,77.61,222.39,84.71,BANJIR,TINGGI,0.2,70.1,29.5,NORMAL,-8.2156,114.3452
2024-02-10 16:00:00,Sungai_Bajulmati,83.45,216.55,81.471,BANJIR,TINGGI,2.8,72.7,28.9,NORMAL,-8.1892,114.3678
2024-03-15 19:00:00,Sungai_Watugede,41.23,258.77,105.526,BANJIR,TINGGI,5.8,81.3,26.8,NORMAL,-8.2251,114.3562
2024-02-12 09:00:00,Sungai_Kalibendo,94.83,205.17,75.261,BANJIR,TINGGI,1.4,66.8,26.6,NORMAL,-8.2156,114.3452
2024-01-20 01:00:00,Sungai_Kalibendo,71.61,228.39,88.063,BANJIR,TINGGI,0.0,67.1,29.8,NORMAL,-8.2156,114.3452
2024-02-19 05:00:00,Sungai_Sukowidi,57.06,242.94,96.333,BANJIR,TINGGI,7.3,78.2,23.2,NORMAL,-8.2345,114.3216
2024-02-13 13:00:00,Sungai_Kalibendo,57.06,242.94,96.332,BANJIR,TINGGI,4.9,80.3,30.1,NORMAL,-8.2156,114.3452
2024-03-29 16:00:00,Sungai_Watugede,49.25,250.75,100.844,BANJIR,TINGGI,7.1,78.4,27.5,NORMAL,-8.2251,114.3562
2024-03-14 14:00:00,Sungai_Setail,66.18,233.82,91.127,BANJIR,TINGGI,2.0,71.8,32.2,NORMAL,-8.1987,114.3891
2024-02-03 01:00:00,Sungai_Setail,81.49,218.51,82.554,BANJIR,TINGGI,3.2,80.4,27.0,NORMAL,-8.1987,114.3891
2024-01-01 21:00:00,Sungai_Sukowidi,93.38,206.62,76.045,BANJIR,TINGGI,0.0,76.8,27.0,NORMAL,-8.2345,114.3216
2024-01-24 13:00:00,Sungai_Bajulmati,97.17,202.83,74.002,BANJIR,TINGGI,4.2,79.2,32.9,NORMAL,-8.1892,114.3678
2024-01-11 23:00:00,Sungai_Bajulmati,73.08,226.92,87.24,BANJIR,TINGGI,3.8,71.0,26.3,NORMAL,-8.1892,114.3678
2024-03-02 10:00:00,Sungai_Sukowidi,74.16,225.84,86.633,BANJIR,TINGGI,4.4,76.2,26.6,NORMAL,-8.2345,114.3216
2024-01-11 14:00:00,Sungai_Sukowidi,92.8,207.2,76.358,BANJIR,TINGGI,6.0,80.9,32.6,NORMAL,-8.2345,114.3216
2024-02-10 03:00:00,Sungai_Bajulmati,52.96,247.04,98.692,BANJIR,TINGGI,0.0,72.4,25.5,NORMAL,-8.1892,114.3678
2024-03-14 06:00:00,Sungai_Sukowidi,77.71,222.29,84.654,BANJIR,TINGGI,0.0,67.4,29.9,NORMAL,-8.2345,114.3216
2024-02-10 23:00:00,Sungai_Kalibendo,71.65,228.35,88.043,BANJIR,TINGGI,0.9,71.6,27.8,NORMAL,-8.2156,114.3452
2024-03-22 08:00:00,Sungai_Bajulmati,88.44,211.56,78.733,BANJIR,TINGGI,5.4,82.5,28.4,NORMAL,-8.1892,114.3678
2024-03-21 03:00:00,Sungai_Setail,63.27,236.73,92.781,BANJIR,TINGGI,2.8,76.3,25.0,ERROR,-8.1987,114.3891
2024-03-03 15:00:00,Sungai_Bajulmati,97.08,202.92,74.047,BANJIR,TINGGI,3.5,70.5,29.5,NORMAL,-8.1892,114.3678
2024-01-18 13:00:00,Sungai_Watugede,97.59,202.41,73.773,BANJIR,TINGGI,2.7,78.0,32.5,NORMAL,-8.2251,114.3562
2024-01-21 07:00:00,Sungai_Setail,74.78,225.22,86.284,BANJIR,TINGGI,2.8,73.8,26.6,NORMAL,-8.1987,114.3891
2024-01-31 23:00:00,Sungai_Watugede,58.76,241.24,95.358,BANJIR,TINGGI,3.6,72.7,27.5,NORMAL,-8.2251,114.3562
2024-03-12 16:00:00,Sungai_Sukowidi,70.35,229.65,88.773,BANJIR,TINGGI,2.6,77.9,29.6,NORMAL,-8.2345,114.3216
2024-01-28 12:00:00,Sungai_Bajulmati,66.75,233.25,90.807,BANJIR,TINGGI,0.2,75.3,31.2,NORMAL,-8.1892,114.3678
2024-01-31 14:00:00,Sungai_Watugede,62.3,237.7,93.334,BANJIR,TINGGI,1.1,68.2,30.5,NORMAL,-8.2251,114.3562
2024-01-12 05:00:00,Sungai_Sumberagung,72.92,227.08,87.327,BANJIR,TINGGI,2.6,76.8,25.1,NORMAL,-8.1763,114.3987
2024-01-01 05:00:00,Sungai_Kalibendo,51.89,248.11,99.316,BANJIR,TINGGI,0.6,74.9,25.4,NORMAL,-8.2156,114.3452
2024-03-12 11:00:00,Sungai_Bajulmati,55.11,244.89,97.453,BANJIR,TINGGI,8.1,69.8,29.7,NORMAL,-8.1892,114.3678
2024-01-14 13:00:00,Sungai_Sukowidi,44.8,255.2,103.438,BANJIR,TINGGI,2.8,68.3,33.0,NORMAL,-8.2345,114.3216
2024-03-21 10:00:00,Sungai_Sukowidi,65.49,234.51,91.522,BANJIR,TINGGI,0.0,69.9,29.9,NORMAL,-8.2345,114.3216
2024-01-26 22:00:00,Sungai_Sukowidi,92.95,207.05,76.281,BANJIR,TINGGI,0.0,72.0,26.3,NORMAL,-8.2345,114.3216
2024-01-18 15:00:00,Sungai_Setail,67.82,232.18,90.199,BANJIR,TINGGI,0.9,68.9,29.5,NORMAL,-8.1987,114.3891
2024-01-20 12:00:00,Sungai_Kalibendo,71.95,228.05,87.87,BANJIR,TINGGI,2.8,75.7,29.9,NORMAL,-8.2156,114.3452
2024-03-18 08:00:00,Sungai_Setail,96.54,203.46,74.338,BANJIR,TINGGI,6.1,69.9,28.1,NORMAL,-8.1987,114.3891
2024-03-08 08:00:00,Sungai_Watugede,61.72,238.28,93.665,BANJIR,TINGGI,0.5,70.4,27.7,NORMAL,-8.2251,114.3562
2024-01-24 08:00:00,Sungai_Sukowidi,69.63,230.37,89.18,BANJIR,TINGGI,0.0,69.5,28.5,NORMAL,-8.2345,114.3216
2024-01-25 11:00:00,Sungai_Setail,50.61,249.39,100.054,BANJIR,TINGGI,0.7,71.9,27.6,NORMAL,-8.1987,114.3891
2024-03-04 14:00:00,Sungai_Kalibendo,79.3,220.7,83.77,BANJIR,TINGGI,4.4,78.3,31.7,NORMAL,-8.2156,114.3452
2024-03-02 12:00:00,Sungai_Setail,59.57,240.43,94.894,BANJIR,TINGGI,1.5,72.8,33.0,NORMAL,-8.1987,114.3891
2024-02-04 06:00:00,Sungai_Bajulmati,73.65,226.35,86.919,BANJIR,TINGGI,4.8,78.5,27.4,NORMAL,-8.1892,114.3678
2024-03-14 01:00:00,Sungai_Sukowidi,85.05,214.95,80.593,BANJIR,TINGGI,3.1,75.3,28.6,NORMAL,-8.2345,114.3216
2024-03-15 04:00:00,Sungai_Kalibendo,76.96,223.04,85.071,BANJIR,TINGGI,0.4,69.2,25.8,NORMAL,-8.2156,114.3452
2024-03-11 21:00:00,Sungai_Sukowidi,82.79,217.21,81.837,BANJIR,TINGGI,6.6,81.5,27.9,NORMAL,-8.2345,114.3216
2024-02-05 10:00:00,Sungai_Watugede,99.64,200.36,72.673,BANJIR,TINGGI,3.2,80.2,29.9,NORMAL,-8.2251,114.3562
2024-01-03 11:00:00,Sungai_Sukowidi,49.97,250.03,100.429,BANJIR,TINGGI,4.4,70.7,26.5,NORMAL,-8.2345,114.3216
2024-01-26 19:00:00,Sungai_Watugede,66.69,233.31,90.837,BANJIR,TINGGI,1.6,75.1,27.4,NORMAL,-8.2251,114.3562
2024-03-12 13:00:00,Sungai_Bajulmati,85.88,214.12,80.135,BANJIR,TINGGI,0.0,67.7,29.1,NORMAL,-8.1892,114.3678
2024-02-17 20:00:00,Sungai_Watugede,94.92,205.08,75.214,BANJIR,TINGGI,0.6,76.8,29.2,NORMAL,-8.2251,114.3562
2024-02-21 11:00:00,Sungai_Sumberagung,84.02,215.98,81.158,BANJIR,TINGGI,6.2,69.8,29.8,NORMAL,-8.1763,114.3987
2024-02-05 11:00:00,Sungai_Bajulmati,82.13,217.87,82.203,BANJIR,TINGGI,1.3,77.4,28.8,NORMAL,-8.1892,114.3678
2024-02-29 17:00:00,Sungai_Watugede,75.62,224.38,85.817,BANJIR,TINGGI,5.2,75.0,26.0,NORMAL,-8.2251,114.3562
2024-02-05 03:00:00,Sungai_Setail,60.23,239.77,94.515,BANJIR,TINGGI,0.0,68.0,25.2,NORMAL,-8.1987,114.3891
2024-02-20 05:00:00,Sungai_Watugede,48.54,251.46,101.255,BANJIR,TINGGI,3.0,74.1,25.7,NORMAL,-8.2251,114.3562
2024-03-27 12:00:00,Sungai_Kalibendo,70.39,229.61,88.751,BANJIR,TINGGI,1.0,76.6,31.9,NORMAL,-8.2156,114.3452
2024-03-13 03:00:00,Sungai_Sumberagung,65.14,234.86,91.72,BANJIR,TINGGI,4.6,74.4,22.5,NORMAL,-8.1763,114.3987
2024-01-30 05:00:00,Sungai_Setail,93.19,206.81,76.149,BANJIR,TINGGI,0.0,73.7,25.4,NORMAL,-8.1987,114.3891
2024-03-18 23:00:00,Sungai_Setail,57.79,242.21,95.915,BANJIR,TINGGI,4.8,78.6,26.1,NORMAL,-8.1987,114.3891
2024-03-14 05:00:00,Sungai_Kalibendo,57.11,242.89,96.304,BANJIR,TINGGI,0.0,78.4,25.3,NORMAL,-8.2156,114.3452
2024-03-29 08:00:00,Sungai_Setail,64.79,235.21,91.915,BANJIR,TINGGI,6.0,73.6,29.4,NORMAL,-8.1987,114.3891
2024-02-25 18:00:00,Sungai_Setail,62.8,237.2,93.049,BANJIR,TINGGI,0.2,80.1,26.9,NORMAL,-8.1987,114.3891
2024-03-27 11:00:00,Sungai_Bajulmati,85.66,214.34,80.258,BANJIR,TINGGI,4.1,73.9,26.2,NORMAL,-8.1892,114.3678
2024-03-23 04:00:00,Sungai_Bajulmati,49.51,250.49,100.694,BANJIR,TINGGI,2.5,79.6,23.5,NORMAL,-8.1892,114.3678
2024-02-14 02:00:00,Sungai_Setail,70.32,229.68,88.791,BANJIR,TINGGI,0.7,75.4,25.2,NORMAL,-8.1987,114.3891
2024-03-14 14:00:00,Sungai_Sukowidi,66.65,233.35,90.862,BANJIR,TINGGI,7.9,75.4,29.0,NORMAL,-8.2345,114.3216
2024-01-25 00:00:00,Sungai_Setail,56.85,243.15,96.456,BANJIR,TINGGI,1.4,79.3,28.6,NORMAL,-8.1987,114.3891
2024-01-18 14:00:00,Sungai_Kalibendo,76.12,223.88,85.538,BANJIR,TINGGI,1.7,76.4,33.0,NORMAL,-8.2156,114.3452
2024-03-21 20:00:00,Sungai_Kalibendo,39.04,260.96,106.812,BANJIR,TINGGI,0.0,67.0,26.2,NORMAL,-8.2156,114.3452
2024-02-26 04:00:00,Sungai_Watugede,89.71,210.29,78.038,BANJIR,TINGGI,2.3,67.4,25.1,NORMAL,-8.2251,114.3562
2024-02-06 01:00:00,Sungai_Watugede,45.59,254.41,102.976,BANJIR,TINGGI,4.1,68.2,26.2,NORMAL,-8.2251,114.3562
2024-02-26 22:00:00,Sungai_Kalibendo,74.96,225.04,86.186,BANJIR,TINGGI,6.0,71.5,26.6,NORMAL,-8.2156,114.3452
2024-03-01 15:00:00,Sungai_Sukowidi,73.35,226.65,87.085,BANJIR,TINGGI,1.5,77.3,31.8,NORMAL,-8.2345,114.3216
2024-01-08 04:00:00,Sungai_Sukowidi,94.87,205.13,75.239,BANJIR,TINGGI,3.1,78.3,23.8,NORMAL,-8.2345,114.3216
2024-02-24 04:00:00,Sungai_Sukowidi,80.73,219.27,82.976,BANJIR,TINGGI,2.8,74.7,24.6,NORMAL,-8.2345,114.3216
2024-01-15 15:00:00,Sungai_Kalibendo,63.71,236.29,92.531,BANJIR,TINGGI,2.1,80.7,30.5,NORMAL,-8.2156,114.3452
2024-03-12 18:00:00,Sungai_Setail,55.55,244.45,97.204,BANJIR,TINGGI,0.0,69.5,27.2,NORMAL,-8.1987,114.3891
2024-02-21 16:00:00,Sungai_Kalibendo,81.11,218.89,82.764,BANJIR,TINGGI,0.0,72.7,28.5,NORMAL,-8.2156,114.3452
2024-01-01 17:00:00,Sungai_Sumberagung,88.07,211.93,78.934,BANJIR,TINGGI,1.8,80.5,28.1,NORMAL,-8.1763,114.3987
2024-02-27 22:00:00,Sungai_Bajulmati,56.11,243.89,96.88,BANJIR,TINGGI,0.5,73.2,27.6,NORMAL,-8.1892,114.3678
2024-02-01 23:00:00,Sungai_Watugede,98.33,201.67,73.377,BANJIR,TINGGI,0.0,73.3,27.4,NORMAL,-8.2251,114.3562
2024-02-12 05:00:00,Sungai_Watugede,73.38,226.62,87.073,BANJIR,TINGGI,7.1,69.7,22.3,NORMAL,-8.2251,114.3562
2024-02-17 23:00:00,Sungai_Sumberagung,72.88,227.12,87.349,BANJIR,TINGGI,7.4,82.1,27.7,NORMAL,-8.1763,114.3987
2024-01-26 11:00:00,Sungai_Setail,72.15,227.85,87.761,BANJIR,TINGGI,0.0,66.1,28.5,ERROR,-8.1987,114.3891
2024-01-05 08:00:00,Sungai_Setail,97.66,202.34,73.738,BANJIR,TINGGI,2.4,74.6,27.9,NORMAL,-8.1987,114.3891
2024-01-31 09:00:00,Sungai_Setail,88.36,211.64,78.775,BANJIR,TINGGI,0.0,70.5,27.4,NORMAL,-8.1987,114.3891
2024-01-31 12:00:00,Sungai_Bajulmati,86.09,213.91,80.018,BANJIR,TINGGI,0.0,70.9,32.8,NORMAL,-8.1892,114.3678
2024-02-29 01:00:00,Sungai_Watugede,71.47,228.53,88.142,BANJIR,TINGGI,1.9,69.1,27.4,NORMAL,-8.2251,114.3562
2024-01-12 18:00:00,Sungai_Setail,80.41,219.59,83.153,BANJIR,TINGGI,0.0,66.3,27.1,NORMAL,-8.1987,114.3891
2024-01-30 20:00:00,Sungai_Kalibendo,67.2,232.8,90.553,BANJIR,TINGGI,2.4,74.0,27.2,NORMAL,-8.2156,114.3452
2024-02-27 16:00:00,Sungai_Watugede,66.01,233.99,91.228,BANJIR,TINGGI,2.9,81.0,26.9,NORMAL,-8.2251,114.3562
2024-02-26 02:00:00,Sungai_Watugede,62.29,237.71,93.338,BANJIR,TINGGI,0.0,66.4,24.9,NORMAL,-8.2251,114.3562
2024-02-22 08:00:00,Sungai_Watugede,68.26,231.74,89.954,BANJIR,TINGGI,5.0,78.2,29.6,NORMAL,-8.2251,114.3562
2024-03-21 09:00:00,Sungai_Sukowidi,63.51,236.49,92.642,BANJIR,TINGGI,0.0,75.8,28.4,NORMAL,-8.2345,114.3216
2024-01-29 09:00:00,Sungai_Bajulmati,78.74,221.26,84.081,BANJIR,TINGGI,1.3,66.6,27.9,NORMAL,-8.1892,114.3678
2024-02-21 10:00:00,Sungai_Setail,90.13,209.87,77.811,BANJIR,TINGGI,6.4,82.9,28.9,NORMAL,-8.1987,114.3891
2024-02-22 05:00:00,Sungai_Watugede,95.53,204.47,74.882,BANJIR,TINGGI,0.0,74.4,24.3,NORMAL,-8.2251,114.3562
2024-02-22 21:00:00,Sungai_Kalibendo,61.2,238.8,93.96,BANJIR,TINGGI,1.3,68.4,26.4,NORMAL,-8.2156,114.3452
2024-02-07 18:00:00,Sungai_Sukowidi,38.79,261.21,106.96,BANJIR,TINGGI,5.6,79.4,29.3,NORMAL,-8.2345,114.3216
2024-03-10 13:00:00,Sungai_Watugede,90.54,209.46,77.589,BANJIR,TINGGI,2.7,72.5,32.5,NORMAL,-8.2251,114.3562
2024-02-14 17:00:00,Sungai_Kalibendo,82.73,217.27,81.87,BANJIR,TINGGI,0.0,79.7,29.6,NORMAL,-8.2156,114.3452
2024-01-05 09:00:00,Sungai_Bajulmati,98.73,201.27,73.163,BANJIR,TINGGI,3.6,67.2,29.7,NORMAL,-8.1892,114.3678
2024-01-10 18:00:00,Sungai_Bajulmati,96.44,203.56,74.392,BANJIR,TINGGI,2.7,77.0,28.5,NORMAL,-8.1892,114.3678
2024-01-20 17:00:00,Sungai_Bajulmati,89.07,210.93,78.391,BANJIR,TINGGI,0.8,75.8,27.1,NORMAL,-8.1892,114.3678
2024-02-22 12:00:00,Sungai_Sumberagung,57.83,242.17,95.889,BANJIR,TINGGI,3.5,70.1,31.7,NORMAL,-8.1763,114.3987
2024-01-02 06:00:00,Sungai_Watugede,57.13,242.87,96.292,BANJIR,TINGGI,2.2,76.8,28.1,NORMAL,-8.2251,114.3562
2024-03-27 01:00:00,Sungai_Sukowidi,87.13,212.87,79.45,BANJIR,TINGGI,0.0,69.8,29.1,NORMAL,-8.2345,114.3216
2024-01-28 22:00:00,Sungai_Sukowidi,31.32,268.68,111.38,BANJIR,TINGGI,2.1,80.1,29.9,NORMAL,-8.2345,114.3216
2024-02-22 15:00:00,Sungai_Kalibendo,58.68,241.32,95.406,BANJIR,TINGGI,4.5,73.2,29.6,NORMAL,-8.2156,114.3452
2024-02-23 07:00:00,Sungai_Watugede,63.96,236.04,92.388,BANJIR,TINGGI,0.0,66.8,29.7,NORMAL,-8.2251,114.3562
2024-02-02 18:00:00,Sungai_Kalibendo,71.18,228.82,88.303,BANJIR,TINGGI,1.6,77.0,27.1,NORMAL,-8.2156,114.3452
2024-03-13 23:00:00,Sungai_Setail,57.82,242.18,95.898,BANJIR,TINGGI,3.6,73.8,29.8,ERROR,-8.1987,114.3891
2024-02-10 15:00:00,Sungai_Watugede,47.79,252.21,101.69,BANJIR,TINGGI,5.8,77.5,29.2,NORMAL,-8.2251,114.3562
2024-01-14 02:00:00,Sungai_Sumberagung,73.0,227.0,87.281,BANJIR,TINGGI,8.0,81.4,23.2,NORMAL,-8.1763,114.3987
2024-03-28 00:00:00,Sungai_Sukowidi,40.29,259.71,106.079,BANJIR,TINGGI,5.9,71.1,28.5,NORMAL,-8.2345,114.3216
2024-01-09 10:00:00,Sungai_Sukowidi,74.28,225.72,86.566,BANJIR,TINGGI,10.2,70.5,28.9,NORMAL,-8.2345,114.3216
2024-01-31 02:00:00,Sungai_Watugede,92.99,207.01,76.259,BANJIR,TINGGI,3.0,80.0,25.8,NORMAL,-8.2251,114.3562
2024-03-09 00:00:00,Sungai_Kalibendo,54.37,245.63,97.879,BANJIR,TINGGI,1.7,66.7,26.5,NORMAL,-8.2156,114.3452
2024-01-06 11:00:00,Sungai_Watugede,58.84,241.16,95.31,BANJIR,TINGGI,0.9,79.4,27.9,NORMAL,-8.2251,114.3562
2024-03-03 07:00:00,Sungai_Sukowidi,92.92,207.08,76.294,BANJIR,TINGGI,2.4,77.2,27.7,NORMAL,-8.2345,114.3216
2024-01-09 14:00:00,Sungai_Sukowidi,36.75,263.25,108.162,BANJIR,TINGGI,4.0,68.7,32.9,NORMAL,-8.2345,114.3216
2024-01-14 22:00:00,Sungai_Sukowidi,98.5,201.5,73.286,BANJIR,TINGGI,19.3,89.6,27.6,NORMAL,-8.2345,114.3216
2024-01-29 16:00:00,Sungai_Sukowidi,79.36,220.64,83.734,BANJIR,TINGGI,7.8,76.9,29.3,NORMAL,-8.2345,114.3216
2024-03-20 21:00:00,Sungai_Sumberagung,83.47,216.53,81.46,BANJIR,TINGGI,0.0,73.1,27.2,NORMAL,-8.1763,114.3987
2024-01-07 20:00:00,Sungai_Sukowidi,56.82,243.18,96.469,BANJIR,TINGGI,1.0,72.2,28.2,NORMAL,-8.2345,114.3216
2024-01-13 12:00:00,Sungai_Sumberagung,79.58,220.42,83.613,BANJIR,TINGGI,4.3,77.8,32.8,NORMAL,-8.1763,114.3987
2024-01-31 20:00:00,Sungai_Kalibendo,45.84,254.16,102.829,BANJIR,TINGGI,0.0,75.6,29.4,NORMAL,-8.2156,114.3452
2024-02-08 07:00:00,Sungai_Sukowidi,77.95,222.05,84.519,BANJIR,TINGGI,7.2,72.4,29.4,NORMAL,-8.2345,114.3216
2024-03-07 20:00:00,Sungai_Sumberagung,64.15,235.85,92.284,BANJIR,TINGGI,5.1,70.6,28.0,NORMAL,-8.1763,114.3987
2024-02-12 18:00:00,Sungai_Sukowidi,61.78,238.22,93.631,BANJIR,TINGGI,1.6,69.4,27.1,NORMAL,-8.2345,114.3216
2024-02-22 23:00:00,Sungai_Setail,65.02,234.98,91.787,BANJIR,TINGGI,0.0,65.4,28.3,NORMAL,-8.1987,114.3891
2024-01-07 03:00:00,Sungai_Bajulmati,52.16,247.84,99.155,BANJIR,TINGGI,2.6,70.9,26.0,NORMAL,-8.1892,114.3678
2024-02-14 06:00:00,Sungai_Kalibendo,63.08,236.92,92.889,BANJIR,TINGGI,0.5,76.2,27.7,NORMAL,-8.2156,114.3452
2024-02-21 15:00:00,Sungai_Watugede,48.05,251.95,101.543,BANJIR,TINGGI,0.0,65.1,32.9,NORMAL,-8.2251,114.3562
2024-02-17 23:00:00,Sungai_Setail,90.09,209.91,77.831,BANJIR,TINGGI,1.0,77.6,28.7,NORMAL,-8.1987,114.3891
2024-01-09 15:00:00,Sungai_Watugede,37.74,262.26,107.582,BANJIR,TINGGI,2.6,71.2,32.6,NORMAL,-8.2251,114.3562
2024-03-28 13:00:00,Sungai_Sukowidi,71.27,228.73,88.255,BANJIR,TINGGI,3.1,68.3,30.6,NORMAL,-8.2345,114.3216
2024-02-20 13:00:00,Sungai_Kalibendo,55.27,244.73,97.365,BANJIR,TINGGI,4.2,71.3,30.2,NORMAL,-8.2156,114.3452
2024-02-27 11:00:00,Sungai_Kalibendo,60.07,239.93,94.608,BANJIR,TINGGI,0.0,67.4,27.0,NORMAL,-8.2156,114.3452
2024-02-29 10:00:00,Sungai_Sumberagung,72.04,227.96,87.821,BANJIR,TINGGI,4.8,74.8,26.8,NORMAL,-8.1763,114.3987
2024-02-27 03:00:00,Sungai_Setail,62.64,237.36,93.138,BANJIR,TINGGI,0.7,75.2,22.1,NORMAL,-8.1987,114.3891
2024-02-23 03:00:00,Sungai_Bajulmati,55.85,244.15,97.026,BANJIR,TINGGI,1.0,77.6,25.7,NORMAL,-8.1892,114.3678
2024-03-25 17:00:00,Sungai_Sukowidi,51.29,248.71,99.66,BANJIR,TINGGI,3.2,73.1,29.1,NORMAL,-8.2345,114.3216
2024-03-12 04:00:00,Sungai_Bajulmati,65.0,235.0,91.797,BANJIR,TINGGI,4.1,74.2,24.4,NORMAL,-8.1892,114.3678
2024-03-27 10:00:00,Sungai_Sumberagung,87.16,212.84,79.435,BANJIR,TINGGI,3.3,78.4,26.7,NORMAL,-8.1763,114.3987
2024-02-20 06:00:00,Sungai_Watugede,48.74,251.26,101.141,BANJIR,TINGGI,4.3,68.7,26.1,NORMAL,-8.2251,114.3562
2024-02-07 05:00:00,Sungai_Bajulmati,86.42,213.58,79.841,BANJIR,TINGGI,2.1,68.9,22.7,NORMAL,-8.1892,114.3678
2024-02-18 13:00:00,Sungai_Bajulmati,59.38,240.62,95.004,BANJIR,TINGGI,0.0,67.7,29.9,NORMAL,-8.1892,114.3678
2024-03-03 09:00:00,Sungai_Kalibendo,92.25,207.75,76.659,BANJIR,TINGGI,2.6,76.0,26.7,NORMAL,-8.2156,114.3452
2024-03-04 05:00:00,Sungai_Sukowidi,86.71,213.29,79.682,BANJIR,TINGGI,0.0,68.9,22.2,NORMAL,-8.2345,114.3216
2024-03-24 21:00:00,Sungai_Watugede,94.63,205.37,75.372,BANJIR,TINGGI,1.3,73.5,28.8,NORMAL,-8.2251,114.3562
2024-01-23 20:00:00,Sungai_Kalibendo,67.69,232.31,90.276,BANJIR,TINGGI,4.0,72.2,29.7,NORMAL,-8.2156,114.3452
2024-01-31 08:00:00,Sungai_Kalibendo,47.91,252.09,101.624,BANJIR,TINGGI,3.2,76.6,29.0,NORMAL,-8.2156,114.3452
2024-01-12 06:00:00,Sungai_Bajulmati,78.04,221.96,84.469,BANJIR,TINGGI,3.1,69.8,26.7,NORMAL,-8.1892,114.3678
2024-02-22 10:00:00,Sungai_Sumberagung,84.41,215.59,80.944,BANJIR,TINGGI,2.2,80.7,27.3,NORMAL,-8.1763,114.3987
2024-02-21 00:00:00,Sungai_Kalibendo,66.5,233.5,90.95,BANJIR,TINGGI,4.8,75.0,28.6,NORMAL,-8.2156,114.3452
2024-01-09 00:00:00,Sungai_Watugede,71.31,228.69,88.232,BANJIR,TINGGI,0.7,66.4,28.8,NORMAL,-8.2251,114.3562
2024-02-22 22:00:00,Sungai_Sumberagung,77.82,222.18,84.588,BANJIR,TINGGI,0.1,70.6,26.9,NORMAL,-8.1763,114.3987
2024-01-17 20:00:00,Sungai_Sukowidi,51.97,248.03,99.267,BANJIR,TINGGI,0.0,74.3,27.4,NORMAL,-8.2345,114.3216
2024-01-26 13:00:00,Sungai_Kalibendo,88.52,211.48,78.689,BANJIR,TINGGI,0.0,69.5,32.7,NORMAL,-8.2156,114.3452
2024-01-29 08:00:00,Sungai_Sukowidi,72.32,227.68,87.667,BANJIR,TINGGI,4.5,72.0,28.4,NORMAL,-8.2345,114.3216
2024-01-26 16:00:00,Sungai_Watugede,57.9,242.1,95.849,BANJIR,TINGGI,2.1,74.9,28.3,NORMAL,-8.2251,114.3562
2024-03-18 04:00:00,Sungai_Watugede,65.63,234.37,91.439,BANJIR,TINGGI,0.3,75.2,23.6,NORMAL,-8.2251,114.3562
2024-02-11 07:00:00,Sungai_Sumberagung,94.5,205.5,75.44,BANJIR,TINGGI,2.4,78.7,28.2,NORMAL,-8.1763,114.3987
2024-02-09 04:00:00,Sungai_Watugede,99.63,200.37,72.68,BANJIR,TINGGI,1.4,71.7,23.3,NORMAL,-8.2251,114.3562
2024-03-08 07:00:00,Sungai_Setail,61.4,238.6,93.847,BANJIR,TINGGI,0.0,68.5,29.9,NORMAL,-8.1987,114.3891
2024-01-12 03:00:00,Sungai_Bajulmati,56.79,243.21,96.487,BANJIR,TINGGI,1.0,67.6,22.0,NORMAL,-8.1892,114.3678
2024-01-29 15:00:00,Sungai_Setail,44.99,255.01,103.324,BANJIR,TINGGI,3.7,73.4,29.3,NORMAL,-8.1987,114.3891
2024-01-15 16:00:00,Sungai_Setail,77.68,222.32,84.67,BANJIR,TINGGI,0.0,66.5,28.7,NORMAL,-8.1987,114.3891
2024-03-29 20:00:00,Sungai_Sukowidi,72.67,227.33,87.466,BANJIR,TINGGI,0.0,77.6,28.2,NORMAL,-8.2345,114.3216
2024-02-11 04:00:00,Sungai_Watugede,77.7,222.3,84.657,BANJIR,TINGGI,2.0,79.3,22.4,NORMAL,-8.2251,114.3562
2024-02-26 10:00:00,Sungai_Sukowidi,53.45,246.55,98.415,BANJIR,TINGGI,3.2,78.5,26.1,NORMAL,-8.2345,114.3216
2024-02-09 15:00:00,Sungai_Kalibendo,52.31,247.69,99.072,BANJIR,TINGGI,0.0,65.4,30.8,ERROR,-8.2156,114.3452
2024-01-26 11:00:00,Sungai_Watugede,63.8,236.2,92.478,BANJIR,TINGGI,1.1,68.0,29.8,NORMAL,-8.2251,114.3562
2024-01-09 19:00:00,Sungai_Sukowidi,78.75,221.25,84.076,BANJIR,TINGGI,0.9,80.0,28.1,NORMAL,-8.2345,114.3216
2024-03-14 11:00:00,Sungai_Sumberagung,121.76,178.24,61.094,WASPADA,SEDANG,0.0,69.6,29.9,NORMAL,-8.1763,114.3987
2024-02-19 22:00:00,Sungai_Sumberagung,129.56,170.44,57.141,WASPADA,SEDANG,3.3,70.7,27.0,NORMAL,-8.1763,114.3987
2024-03-20 00:00:00,Sungai_Bajulmati,117.42,182.58,63.324,WASPADA,SEDANG,2.6,76.8,30.0,NORMAL,-8.1892,114.3678
2024-03-07 23:00:00,Sungai_Watugede,112.9,187.1,65.668,WASPADA,SEDANG,1.9,77.0,27.5,ERROR,-8.2251,114.3562
2024-01-07 19:00:00,Sungai_Bajulmati,118.05,181.95,63.001,WASPADA,SEDANG,4.7,69.9,28.5,NORMAL,-8.1892,114.3678
2024-03-02 19:00:00,Sungai_Setail,119.66,180.34,62.172,WASPADA,SEDANG,3.1,73.6,28.7,NORMAL,-8.1987,114.3891
2024-01-21 22:00:00,Sungai_Sumberagung,134.45,165.55,54.703,WASPADA,SEDANG,0.0,68.1,26.1,NORMAL,-8.1763,114.3987
2024-03-04 04:00:00,Sungai_Setail,106.35,193.65,69.107,WASPADA,SEDANG,2.8,69.6,25.3,NORMAL,-8.1987,114.3891
2024-02-10 12:00:00,Sungai_Watugede,125.05,174.95,59.418,WASPADA,SEDANG,3.3,75.2,31.5,NORMAL,-8.2251,114.3562
2024-01-11 02:00:00,Sungai_Watugede,133.99,166.01,54.93,WASPADA,SEDANG,3.0,80.7,23.2,NORMAL,-8.2251,114.3562
2024-03-13 00:00:00,Sungai_Bajulmati,130.92,169.08,56.459,WASPADA,SEDANG,3.5,74.9,28.1,NORMAL,-8.1892,114.3678
2024-01-04 04:00:00,Sungai_Bajulmati,115.15,184.85,64.5,WASPADA,SEDANG,4.4,70.7,25.1,NORMAL,-8.1892,114.3678
2024-02-21 02:00:00,Sungai_Setail,139.25,160.75,52.338,WASPADA,SEDANG,7.0,68.7,22.3,NORMAL,-8.1987,114.3891
2024-01-31 18:00:00,Sungai_Sukowidi,109.81,190.19,67.285,WASPADA,SEDANG,4.3,70.2,28.8,NORMAL,-8.2345,114.3216
2024-03-28 22:00:00,Sungai_Kalibendo,121.06,178.94,61.45,WASPADA,SEDANG,28.5,87.7,26.9,NORMAL,-8.2156,114.3452
2024-03-04 13:00:00,Sungai_Bajulmati,112.54,187.46,65.858,WASPADA,SEDANG,1.7,68.4,32.2,NORMAL,-8.1892,114.3678
2024-02-16 08:00:00,Sungai_Sumberagung,143.27,156.73,50.379,WASPADA,SEDANG,0.0,68.1,28.3,NORMAL,-8.1763,114.3987
2024-01-24 10:00:00,Sungai_Bajulmati,131.44,168.56,56.202,WASPADA,SEDANG,5.2,69.0,26.2,NORMAL,-8.1892,114.3678
2024-03-25 16:00:00,Sungai_Setail,116.29,183.71,63.906,WASPADA,SEDANG,2.8,79.6,27.5,NORMAL,-8.1987,114.3891
2024-02-13 06:00:00,Sungai_Sumberagung,100.58,199.42,72.175,WASPADA,SEDANG,2.6,79.9,27.8,NORMAL,-8.1763,114.3987
2024-02-04 17:00:00,Sungai_Watugede,141.75,158.25,51.117,WASPADA,SEDANG,6.8,71.7,26.6,NORMAL,-8.2251,114.3562
2024-02-11 04:00:00,Sungai_Sumberagung,123.96,176.04,59.97,WASPADA,SEDANG,3.6,78.7,24.4,NORMAL,-8.1763,114.3987
2024-03-29 13:00:00,Sungai_Kalibendo,107.08,192.92,68.719,WASPADA,SEDANG,5.3,70.6,31.7,NORMAL,-8.2156,114.3452
2024-03-29 06:00:00,Sungai_Watugede,116.47,183.53,63.815,WASPADA,SEDANG,6.1,79.3,27.2,ERROR,-8.2251,114.3562
2024-02-02 07:00:00,Sungai_Sumberagung,138.26,161.74,52.822,WASPADA,SEDANG,1.1,66.0,29.8,NORMAL,-8.1763,114.3987
2024-02-06 19:00:00,Sungai_Watugede,102.7,197.3,71.042,WASPADA,SEDANG,0.0,78.0,26.9,NORMAL,-8.2251,114.3562
2024-02-16 16:00:00,Sungai_Bajulmati,120.82,179.18,61.576,WASPADA,SEDANG,0.0,65.5,29.5,NORMAL,-8.1892,114.3678
2024-03-20 17:00:00,Sungai_Watugede,137.38,162.62,53.255,WASPADA,SEDANG,0.0,78.6,28.4,NORMAL,-8.2251,114.3562
2024-01-05 08:00:00,Sungai_Kalibendo,118.14,181.86,62.95,WASPADA,SEDANG,2.3,77.6,29.2,NORMAL,-8.2156,114.3452
2024-02-12 04:00:00,Sungai_Sumberagung,128.05,171.95,57.901,WASPADA,SEDANG,2.6,81.2,23.0,NORMAL,-8.1763,114.3987
2024-01-22 20:00:00,Sungai_Bajulmati,114.19,185.81,64.994,WASPADA,SEDANG,5.2,76.1,29.7,NORMAL,-8.1892,114.3678
2024-02-05 19:00:00,Sungai_Watugede,114.01,185.99,65.09,WASPADA,SEDANG,0.0,70.7,29.0,NORMAL,-8.2251,114.3562
2024-02-04 06:00:00,Sungai_Setail,136.75,163.25,53.565,WASPADA,SEDANG,0.1,77.5,28.5,NORMAL,-8.1987,114.3891
2024-02-01 14:00:00,Sungai_Bajulmati,138.89,161.11,52.514,WASPADA,SEDANG,4.9,71.4,30.8,NORMAL,-8.1892,114.3678
2024-01-18 17:00:00,Sungai_Sukowidi,115.39,184.61,64.374,WASPADA,SEDANG,6.7,79.3,26.2,NORMAL,-8.2345,114.3216
2024-01-26 09:00:00,Sungai_Sukowidi,102.09,197.91,71.367,WASPADA,SEDANG,2.4,75.3,27.0,NORMAL,-8.2345,114.3216
2024-02-03 09:00:00,Sungai_Kalibendo,139.6,160.4,52.165,WASPADA,SEDANG,5.0,73.1,26.4,NORMAL,-8.2156,114.3452
2024-02-25 00:00:00,Sungai_Sumberagung,115.94,184.06,64.087,WASPADA,SEDANG,0.0,79.2,27.1,NORMAL,-8.1763,114.3987
2024-01-11 23:00:00,Sungai_Setail,131.26,168.74,56.289,WASPADA,SEDANG,1.7,79.5,29.2,NORMAL,-8.1987,114.3891
2024-02-21 15:00:00,Sungai_Bajulmati,126.49,173.51,58.69,WASPADA,SEDANG,4.6,68.1,31.5,NORMAL,-8.1892,114.3678
2024-01-16 05:00:00,Sungai_Setail,128.22,171.78,57.816,WASPADA,SEDANG,0.0,77.0,22.9,NORMAL,-8.1987,114.3891
2024-02-28 08:00:00,Sungai_Bajulmati,119.24,180.76,62.385,WASPADA,SEDANG,2.6,69.0,29.9,NORMAL,-8.1892,114.3678
2024-02-26 23:00:00,Sungai_Sukowidi,117.42,182.58,63.321,WASPADA,SEDANG,2.5,66.8,30.0,NORMAL,-8.2345,114.3216
2024-02-16 04:00:00,Sungai_Bajulmati,110.5,189.5,66.92,WASPADA,SEDANG,3.2,74.5,24.8,NORMAL,-8.1892,114.3678
2024-01-03 06:00:00,Sungai_Bajulmati,144.58,155.42,49.742,WASPADA,SEDANG,1.4,78.5,26.7,NORMAL,-8.1892,114.3678
2024-03-01 18:00:00,Sungai_Watugede,145.25,154.75,49.42,WASPADA,SEDANG,8.4,81.5,29.1,NORMAL,-8.2251,114.3562
2024-02-17 03:00:00,Sungai_Bajulmati,103.05,196.95,70.858,WASPADA,SEDANG,4.2,67.4,24.9,NORMAL,-8.1892,114.3678
2024-02-19 11:00:00,Sungai_Kalibendo,112.48,187.52,65.887,WASPADA,SEDANG,0.0,78.6,27.3,NORMAL,-8.2156,114.3452
2024-01-12 01:00:00,Sungai_Setail,108.77,191.23,67.832,WASPADA,SEDANG,0.0,73.9,27.0,NORMAL,-8.1987,114.3891
2024-01-22 15:00:00,Sungai_Bajulmati,113.3,186.7,65.461,WASPADA,SEDANG,11.2,74.7,30.7,NORMAL,-8.1892,114.3678
2024-02-16 17:00:00,Sungai_Watugede,108.67,191.33,67.881,WASPADA,SEDANG,1.7,70.5,28.7,NORMAL,-8.2251,114.3562
2024-03-11 20:00:00,Sungai_Sumberagung,115.3,184.7,64.422,WASPADA,SEDANG,0.0,79.1,29.8,NORMAL,-8.1763,114.3987
2024-01-27 23:00:00,Sungai_Setail,117.96,182.04,63.047,WASPADA,SEDANG,4.7,76.7,27.7,NORMAL,-8.1987,114.3891
2024-02-07 16:00:00,Sungai_Setail,145.12,154.88,49.486,WASPADA,SEDANG,0.0,79.6,29.3,NORMAL,-8.1987,114.3891
2024-01-08 00:00:00,Sungai_Setail,131.4,168.6,56.222,WASPADA,SEDANG,3.0,79.4,28.9,NORMAL,-8.1987,114.3891
2024-02-10 21:00:00,Sungai_Kalibendo,114.83,185.17,64.665,WASPADA,SEDANG,4.2,79.4,29.6,NORMAL,-8.2156,114.3452
2024-03-28 14:00:00,Sungai_Sukowidi,121.01,178.99,61.477,WASPADA,SEDANG,0.0,68.4,32.3,NORMAL,-8.2345,114.3216
2024-02-23 11:00:00,Sungai_Setail,101.36,198.64,71.756,WASPADA,SEDANG,0.0,65.2,26.7,NORMAL,-8.1987,114.3891
2024-02-25 01:00:00,Sungai_Setail,101.03,198.97,71.933,WASPADA,SEDANG,19.0,83.0,28.6,NORMAL,-8.1987,114.3891
2024-02-05 00:00:00,Sungai_Watugede,134.37,165.63,54.744,WASPADA,SEDANG,3.5,67.7,29.9,NORMAL,-8.2251,114.3562
2024-02-10 04:00:00,Sungai_Bajulmati,144.93,155.07,49.577,WASPADA,SEDANG,9.2,74.8,22.1,NORMAL,-8.1892,114.3678
2024-01-06 00:00:00,Sungai_Watugede,122.43,177.57,60.75,WASPADA,SEDANG,4.1,80.3,26.0,NORMAL,-8.2251,114.3562
2024-02-08 14:00:00,Sungai_Sumberagung,129.36,170.64,57.244,WASPADA,SEDANG,0.0,65.1,30.1,NORMAL,-8.1763,114.3987
2024-03-20 09:00:00,Sungai_Sumberagung,121.24,178.76,61.359,WASPADA,SEDANG,0.0,78.0,29.4,NORMAL,-8.1763,114.3987
2024-02-09 14:00:00,Sungai_Bajulmati,109.97,190.03,67.199,WASPADA,SEDANG,4.1,68.8,29.9,NORMAL,-8.1892,114.3678
2024-02-10 10:00:00,Sungai_Sumberagung,100.62,199.38,72.151,WASPADA,SEDANG,3.5,73.0,27.9,NORMAL,-8.1763,114.3987
2024-03-16 07:00:00,Sungai_Bajulmati,130.99,169.01,56.427,WASPADA,SEDANG,28.9,90.3,27.4,NORMAL,-8.1892,114.3678
2024-03-27 12:00:00,Sungai_Sumberagung,140.82,159.18,51.567,WASPADA,SEDANG,1.7,74.0,31.0,NORMAL,-8.1763,114.3987
2024-03-26 18:00:00,Sungai_Kalibendo,104.68,195.32,69.988,WASPADA,SEDANG,0.9,72.7,26.5,NORMAL,-8.2156,114.3452
2024-01-02 20:00:00,Sungai_Setail,112.71,187.29,65.767,WASPADA,SEDANG,2.9,66.8,28.1,NORMAL,-8.1987,114.3891
2024-01-26 00:00:00,Sungai_Setail,131.08,168.92,56.38,WASPADA,SEDANG,0.6,78.4,27.2,NORMAL,-8.1987,114.3891
2024-03-05 13:00:00,Sungai_Kalibendo,143.64,156.36,50.2,WASPADA,SEDANG,31.7,88.2,31.5,NORMAL,-8.2156,114.3452
2024-01-04 08:00:00,Sungai_Watugede,133.09,166.91,55.377,WASPADA,SEDANG,0.0,77.6,27.5,NORMAL,-8.2251,114.3562
2024-02-20 19:00:00,Sungai_Kalibendo,121.33,178.67,61.313,WASPADA,SEDANG,3.5,79.8,27.8,NORMAL,-8.2156,114.3452
2024-01-22 06:00:00,Sungai_Sukowidi,121.74,178.26,61.103,WASPADA,SEDANG,3.8,67.5,27.3,NORMAL,-8.2345,114.3216
2024-01-30 19:00:00,Sungai_Sumberagung,133.49,166.51,55.177,WASPADA,SEDANG,2.0,77.4,27.8,NORMAL,-8.1763,114.3987
2024-03-10 17:00:00,Sungai_Sumberagung,112.37,187.63,65.942,WASPADA,SEDANG,0.0,73.0,26.9,NORMAL,-8.1763,114.3987
2024-01-27 12:00:00,Sungai_Sukowidi,143.61,156.39,50.212,WASPADA,SEDANG,18.4,77.9,32.7,NORMAL,-8.2345,114.3216
2024-01-23 18:00:00,Sungai_Setail,107.81,192.19,68.336,WASPADA,SEDANG,2.6,75.7,26.3,NORMAL,-8.1987,114.3891
2024-01-08 18:00:00,Sungai_Setail,116.67,183.33,63.713,WASPADA,SEDANG,7.1,81.9,26.9,NORMAL,-8.1987,114.3891
2024-02-18 12:00:00,Sungai_Sumberagung,127.49,172.51,58.183,WASPADA,SEDANG,0.4,73.6,32.5,NORMAL,-8.1763,114.3987
2024-03-09 22:00:00,Sungai_Bajulmati,129.45,170.55,57.198,WASPADA,SEDANG,4.2,79.9,27.0,NORMAL,-8.1892,114.3678
2024-03-27 14:00:00,Sungai_Bajulmati,144.85,155.15,49.615,WASPADA,SEDANG,2.3,76.3,32.0,NORMAL,-8.1892,114.3678
2024-02-28 00:00:00,Sungai_Sukowidi,128.7,171.3,57.572,WASPADA,SEDANG,0.0,72.5,26.7,NORMAL,-8.2345,114.3216
2024-01-06 19:00:00,Sungai_Bajulmati,110.56,189.44,66.891,WASPADA,SEDANG,0.0,77.3,28.2,NORMAL,-8.1892,114.3678
2024-02-21 12:00:00,Sungai_Sukowidi,108.11,191.89,68.179,WASPADA,SEDANG,6.7,73.8,32.5,NORMAL,-8.2345,114.3216
2024-01-11 05:00:00,Sungai_Sukowidi,106.79,193.21,68.875,WASPADA,SEDANG,19.0,80.8,22.3,NORMAL,-8.2345,114.3216
2024-02-16 01:00:00,Sungai_Setail,110.75,189.25,66.792,WASPADA,SEDANG,6.7,79.6,28.0,NORMAL,-8.1987,114.3891
2024-02-09 05:00:00,Sungai_Kalibendo,119.93,180.07,62.03,WASPADA,SEDANG,1.2,67.6,23.8,NORMAL,-8.2156,114.3452
2024-03-03 10:00:00,Sungai_Kalibendo,118.53,181.47,62.75,WASPADA,SEDANG,2.5,81.2,29.6,NORMAL,-8.2156,114.3452
2024-03-30 03:00:00,Sungai_Bajulmati,121.87,178.13,61.037,WASPADA,SEDANG,7.1,80.6,22.4,NORMAL,-8.1892,114.3678
2024-01-16 10:00:00,Sungai_Watugede,131.32,168.68,56.261,WASPADA,SEDANG,1.7,73.2,26.4,NORMAL,-8.2251,114.3562
2024-03-15 04:00:00,Sungai_Sumberagung,107.26,192.74,68.625,WASPADA,SEDANG,4.3,82.0,24.9,NORMAL,-8.1763,114.3987
2024-02-03 16:00:00,Sungai_Sumberagung,138.77,161.23,52.572,WASPADA,SEDANG,1.6,69.9,29.6,NORMAL,-8.1763,114.3987
2024-01-23 16:00:00,Sungai_Kalibendo,120.22,179.78,61.882,WASPADA,SEDANG,0.0,70.7,26.1,NORMAL,-8.2156,114.3452
2024-02-08 22:00:00,Sungai_Bajulmati,113.7,186.3,65.251,WASPADA,SEDANG,0.2,76.2,28.0,NORMAL,-8.1892,114.3678
2024-03-24 21:00:00,Sungai_Kalibendo,103.53,196.47,70.598,WASPADA,SEDANG,1.6,68.4,29.8,NORMAL,-8.2156,114.3452
2024-03-06 13:00:00,Sungai_Sukowidi,137.76,162.24,53.066,WASPADA,SEDANG,10.3,84.2,30.2,NORMAL,-8.2345,114.3216
2024-02-04 07:00:00,Sungai_Setail,107.22,192.78,68.645,WASPADA,SEDANG,9.5,70.5,28.9,ERROR,-8.1987,114.3891
2024-03-13 21:00:00,Sungai_Kalibendo,119.5,180.5,62.251,WASPADA,SEDANG,11.3,82.5,30.0,NORMAL,-8.2156,114.3452
2024-01-10 16:00:00,Sungai_Sumberagung,131.05,168.95,56.396,WASPADA,SEDANG,3.2,69.3,26.4,NORMAL,-8.1763,114.3987
2024-01-08 04:00:00,Sungai_Bajulmati,113.38,186.62,65.417,WASPADA,SEDANG,2.8,77.2,25.7,NORMAL,-8.1892,114.3678
2024-01-24 13:00:00,Sungai_Setail,114.7,185.3,64.734,WASPADA,SEDANG,3.1,67.8,30.9,NORMAL,-8.1987,114.3891
2024-02-04 14:00:00,Sungai_Watugede,110.85,189.15,66.739,WASPADA,SEDANG,0.0,71.6,29.3,NORMAL,-8.2251,114.3562
2024-02-22 04:00:00,Sungai_Kalibendo,111.46,188.54,66.421,WASPADA,SEDANG,0.1,66.1,25.9,NORMAL,-8.2156,114.3452
2024-03-08 22:00:00,Sungai_Watugede,128.01,171.99,57.922,WASPADA,SEDANG,5.5,69.2,27.3,NORMAL,-8.2251,114.3562
2024-02-17 16:00:00,Sungai_Watugede,134.79,165.21,54.534,WASPADA,SEDANG,0.0,69.7,27.1,NORMAL,-8.2251,114.3562
2024-01-25 04:00:00,Sungai_Kalibendo,114.01,185.99,65.092,WASPADA,SEDANG,8.9,72.6,23.6,NORMAL,-8.2156,114.3452
2024-03-12 02:00:00,Sungai_Setail,117.79,182.21,63.131,WASPADA,SEDANG,11.3,74.1,25.9,NORMAL,-8.1987,114.3891
2024-01-07 01:00:00,Sungai_Sumberagung,147.4,152.6,48.387,WASPADA,SEDANG,1.9,66.6,27.9,NORMAL,-8.1763,114.3987
2024-01-17 10:00:00,Sungai_Watugede,102.01,197.99,71.408,WASPADA,SEDANG,1.3,76.9,26.2,NORMAL,-8.2251,114.3562
2024-01-08 01:00:00,Sungai_Sukowidi,114.68,185.32,64.743,WASPADA,SEDANG,8.8,72.3,26.4,NORMAL,-8.2345,114.3216
2024-02-07 06:00:00,Sungai_Bajulmati,127.48,172.52,58.187,WASPADA,SEDANG,4.0,78.9,29.8,NORMAL,-8.1892,114.3678
2024-01-10 10:00:00,Sungai_Bajulmati,119.09,180.91,62.465,WASPADA,SEDANG,3.3,77.9,29.2,NORMAL,-8.1892,114.3678
2024-03-24 06:00:00,Sungai_Setail,147.42,152.58,48.377,WASPADA,SEDANG,1.0,75.0,28.6,NORMAL,-8.1987,114.3891
2024-03-03 11:00:00,Sungai_Sukowidi,146.21,153.79,48.96,WASPADA,SEDANG,20.0,83.4,26.2,NORMAL,-8.2345,114.3216
2024-01-25 05:00:00,Sungai_Setail,103.57,196.43,70.577,WASPADA,SEDANG,0.0,70.1,23.2,NORMAL,-8.1987,114.3891
2024-03-22 19:00:00,Sungai_Sukowidi,149.9,150.1,47.194,WASPADA,SEDANG,13.5,85.9,28.9,NORMAL,-8.2345,114.3216
2024-01-28 05:00:00,Sungai_Setail,139.64,160.36,52.148,WASPADA,SEDANG,4.3,69.1,23.9,NORMAL,-8.1987,114.3891
2024-01-04 19:00:00,Sungai_Setail,138.9,161.1,52.507,WASPADA,SEDANG,3.4,72.8,28.8,NORMAL,-8.1987,114.3891
2024-03-30 08:00:00,Sungai_Watugede,117.84,182.16,63.105,WASPADA,SEDANG,5.7,79.0,27.0,NORMAL,-8.2251,114.3562
2024-03-07 05:00:00,Sungai_Setail,113.06,186.94,65.583,WASPADA,SEDANG,0.0,67.1,23.3,NORMAL,-8.1987,114.3891
2024-01-12 07:00:00,Sungai_Sumberagung,118.56,181.44,62.735,WASPADA,SEDANG,28.0,92.8,27.0,NORMAL,-8.1763,114.3987
2024-02-11 08:00:00,Sungai_Kalibendo,105.26,194.74,69.681,WASPADA,SEDANG,7.9,75.2,26.7,NORMAL,-8.2156,114.3452
2024-03-07 13:00:00,Sungai_Sumberagung,106.88,193.12,68.826,WASPADA,SEDANG,0.0,66.4,32.7,NORMAL,-8.1763,114.3987
2024-02-20 22:00:00,Sungai_Kalibendo,112.9,187.1,65.666,WASPADA,SEDANG,3.4,75.4,29.7,NORMAL,-8.2156,114.3452
2024-02-27 13:00:00,Sungai_Kalibendo,104.33,195.67,70.176,WASPADA,SEDANG,0.0,67.9,29.3,NORMAL,-8.2156,114.3452
2024-02-13 23:00:00,Sungai_Bajulmati,113.45,186.55,65.38,WASPADA,SEDANG,3.7,72.2,26.1,NORMAL,-8.1892,114.3678
2024-01-02 03:00:00,Sungai_Bajulmati,131.93,168.07,55.955,WASPADA,SEDANG,1.6,66.9,25.5,NORMAL,-8.1892,114.3678
2024-03-17 12:00:00,Sungai_Kalibendo,115.54,184.46,64.296,WASPADA,SEDANG,0.0,68.9,29.8,NORMAL,-8.2156,114.3452
2024-03-23 21:00:00,Sungai_Bajulmati,135.28,164.72,54.289,WASPADA,SEDANG,2.3,70.2,27.5,NORMAL,-8.1892,114.3678
2024-01-04 10:00:00,Sungai_Watugede,124.1,175.9,59.9,WASPADA,SEDANG,0.0,68.7,27.6,NORMAL,-8.2251,114.3562
2024-02-22 04:00:00,Sungai_Setail,145.82,154.18,49.147,WASPADA,SEDANG,4.2,71.2,22.3,NORMAL,-8.1987,114.3891
2024-01-15 13:00:00,Sungai_Bajulmati,145.5,154.5,49.3,WASPADA,SEDANG,10.1,75.0,30.4,NORMAL,-8.1892,114.3678
2024-03-22 17:00:00,Sungai_Sukowidi,103.14,196.86,70.809,WASPADA,SEDANG,5.3,78.2,26.3,NORMAL,-8.2345,114.3216
2024-02-16 07:00:00,Sungai_Setail,118.51,181.49,62.761,WASPADA,SEDANG,10.3,77.2,29.4,NORMAL,-8.1987,114.3891
2024-02-28 17:00:00,Sungai_Kalibendo,132.67,167.33,55.587,WASPADA,SEDANG,1.0,69.1,29.8,NORMAL,-8.2156,114.3452
2024-01-16 11:00:00,Sungai_Sumberagung,127.22,172.78,58.319,WASPADA,SEDANG,3.6,79.6,26.3,NORMAL,-8.1763,114.3987
2024-02-02 15:00:00,Sungai_Setail,123.33,176.67,60.291,WASPADA,SEDANG,0.9,74.1,31.2,NORMAL,-8.1987,114.3891
2024-03-04 07:00:00,Sungai_Bajulmati,136.74,163.26,53.568,WASPADA,SEDANG,1.7,76.5,29.6,NORMAL,-8.1892,114.3678
2024-03-01 19:00:00,Sungai_Watugede,104.06,195.94,70.319,WASPADA,SEDANG,6.9,83.0,27.4,NORMAL,-8.2251,114.3562
2024-01-29 04:00:00,Sungai_Setail,140.37,159.63,51.787,WASPADA,SEDANG,4.7,74.3,23.9,NORMAL,-8.1987,114.3891
2024-03-24 07:00:00,Sungai_Sumberagung,131.65,168.35,56.096,WASPADA,SEDANG,16.2,74.9,29.2,NORMAL,-8.1763,114.3987
2024-02-15 00:00:00,Sungai_Watugede,142.01,157.99,50.987,WASPADA,SEDANG,0.0,77.1,28.1,NORMAL,-8.2251,114.3562
2024-03-24 19:00:00,Sungai_Setail,131.32,168.68,56.261,WASPADA,SEDANG,0.0,66.3,26.7,NORMAL,-8.1987,114.3891
2024-03-13 21:00:00,Sungai_Setail,114.41,185.59,64.881,WASPADA,SEDANG,3.3,71.8,28.9,NORMAL,-8.1987,114.3891
2024-01-06 18:00:00,Sungai_Watugede,100.74,199.26,72.088,WASPADA,SEDANG,3.0,73.6,29.5,NORMAL,-8.2251,114.3562
2024-02-29 13:00:00,Sungai_Kalibendo,106.3,193.7,69.132,WASPADA,SEDANG,1.7,74.9,29.1,NORMAL,-8.2156,114.3452
2024-03-18 04:00:00,Sungai_Setail,119.23,180.77,62.393,WASPADA,SEDANG,1.5,66.9,24.1,NORMAL,-8.1987,114.3891
2024-01-01 16:00:00,Sungai_Sukowidi,109.69,190.31,67.35,WASPADA,SEDANG,3.7,73.6,29.9,NORMAL,-8.2345,114.3216
2024-01-03 16:00:00,Sungai_Bajulmati,137.2,162.8,53.345,WASPADA,SEDANG,5.9,76.1,28.6,NORMAL,-8.1892,114.3678
2024-01-31 02:00:00,Sungai_Setail,132.52,167.48,55.663,WASPADA,SEDANG,0.0,79.4,23.9,NORMAL,-8.1987,114.3891
2024-02-26 17:00:00,Sungai_Sumberagung,109.84,190.16,67.269,WASPADA,SEDANG,1.0,74.5,26.1,NORMAL,-8.1763,114.3987
2024-01-01 06:00:00,Sungai_Sukowidi,106.94,193.06,68.795,WASPADA,SEDANG,4.7,81.5,27.6,NORMAL,-8.2345,114.3216
2024-02-21 03:00:00,Sungai_Sumberagung,117.18,182.82,63.447,WASPADA,SEDANG,7.6,78.4,22.2,NORMAL,-8.1763,114.3987
2024-01-16 17:00:00,Sungai_Setail,102.27,197.73,71.269,WASPADA,SEDANG,1.5,71.6,27.9,NORMAL,-8.1987,114.3891
2024-03-23 14:00:00,Sungai_Sumberagung,105.48,194.52,69.564,WASPADA,SEDANG,2.9,68.2,30.7,NORMAL,-8.1763,114.3987
2024-02-21 11:00:00,Sungai_Kalibendo,109.4,190.6,67.498,WASPADA,SEDANG,2.3,78.7,28.8,NORMAL,-8.2156,114.3452
2024-03-22 22:00:00,Sungai_Sukowidi,108.13,191.87,68.166,WASPADA,SEDANG,0.5,68.7,26.1,NORMAL,-8.2345,114.3216
2024-01-09 18:00:00,Sungai_Setail,131.24,168.76,56.299,WASPADA,SEDANG,7.4,73.3,26.7,NORMAL,-8.1987,114.3891
2024-02-15 11:00:00,Sungai_Sumberagung,130.12,169.88,56.864,WASPADA,SEDANG,2.5,66.9,28.6,NORMAL,-8.1763,114.3987
2024-02-28 08:00:00,Sungai_Sukowidi,120.76,179.24,61.606,WASPADA,SEDANG,22.4,90.1,27.1,NORMAL,-8.2345,114.3216
2024-01-21 16:00:00,Sungai_Bajulmati,107.81,192.19,68.333,WASPADA,SEDANG,9.1,75.2,28.0,NORMAL,-8.1892,114.3678
2024-01-23 20:00:00,Sungai_Bajulmati,146.3,153.7,48.918,WASPADA,SEDANG,7.0,80.4,29.2,NORMAL,-8.1892,114.3678
2024-02-17 04:00:00,Sungai_Setail,123.95,176.05,59.977,WASPADA,SEDANG,4.3,77.9,22.5,NORMAL,-8.1987,114.3891
2024-01-14 21:00:00,Sungai_Bajulmati,130.53,169.47,56.658,WASPADA,SEDANG,0.0,75.5,26.2,NORMAL,-8.1892,114.3678
2024-02-11 01:00:00,Sungai_Watugede,107.12,192.88,68.697,WASPADA,SEDANG,0.0,66.8,29.2,NORMAL,-8.2251,114.3562
2024-03-30 16:00:00,Sungai_Watugede,119.13,180.87,62.442,WASPADA,SEDANG,0.0,68.5,29.1,NORMAL,-8.2251,114.3562
2024-03-02 02:00:00,Sungai_Bajulmati,135.32,164.68,54.273,WASPADA,SEDANG,5.7,80.7,23.4,NORMAL,-8.1892,114.3678
2024-03-20 23:00:00,Sungai_Bajulmati,117.16,182.84,63.457,WASPADA,SEDANG,0.0,67.5,26.6,NORMAL,-8.1892,114.3678
2024-01-21 15:00:00,Sungai_Bajulmati,146.69,153.31,48.731,WASPADA,SEDANG,2.9,80.4,31.3,NORMAL,-8.1892,114.3678
2024-02-11 11:00:00,Sungai_Watugede,107.29,192.71,68.612,WASPADA,SEDANG,0.0,76.9,29.1,NORMAL,-8.2251,114.3562
2024-02-22 18:00:00,Sungai_Kalibendo,113.04,186.96,65.597,WASPADA,SEDANG,5.8,69.3,26.1,NORMAL,-8.2156,114.3452
2024-01-05 13:00:00,Sungai_Sumberagung,141.27,158.73,51.349,WASPADA,SEDANG,0.0,76.2,30.0,NORMAL,-8.1763,114.3987
2024-01-17 04:00:00,Sungai_Bajulmati,118.18,181.82,62.934,WASPADA,SEDANG,4.2,73.0,24.3,NORMAL,-8.1892,114.3678
2024-01-07 05:00:00,Sungai_Watugede,112.41,187.59,65.926,WASPADA,SEDANG,1.6,69.6,23.7,NORMAL,-8.2251,114.3562
2024-02-11 08:00:00,Sungai_Setail,117.79,182.21,63.132,WASPADA,SEDANG,4.3,71.3,27.6,NORMAL,-8.1987,114.3891
2024-01-02 19:00:00,Sungai_Watugede,132.84,167.16,55.502,WASPADA,SEDANG,7.6,73.0,29.0,NORMAL,-8.2251,114.3562
2024-03-24 00:00:00,Sungai_Watugede,126.68,173.32,58.591,WASPADA,SEDANG,0.0,77.3,29.7,NORMAL,-8.2251,114.3562
2024-02-21 23:00:00,Sungai_Bajulmati,118.66,181.34,62.687,WASPADA,SEDANG,6.3,72.4,26.4,NORMAL,-8.1892,114.3678
2024-03-03 00:00:00,Sungai_Watugede,114.03,185.97,65.079,WASPADA,SEDANG,2.6,76.9,27.3,NORMAL,-8.2251,114.3562
2024-02-14 04:00:00,Sungai_Bajulmati,141.91,158.09,51.036,WASPADA,SEDANG,7.7,73.0,24.7,NORMAL,-8.1892,114.3678
2024-01-16 11:00:00,Sungai_Bajulmati,119.06,180.94,62.481,WASPADA,SEDANG,5.7,75.1,28.4,NORMAL,-8.1892,114.3678
2024-02-06 18:00:00,Sungai_Kalibendo,114.95,185.05,64.604,WASPADA,SEDANG,3.0,70.7,26.7,NORMAL,-8.2156,114.3452
2024-01-27 08:00:00,Sungai_Watugede,126.44,173.56,58.715,WASPADA,SEDANG,1.9,69.4,29.4,NORMAL,-8.2251,114.3562
2024-03-14 03:00:00,Sungai_Bajulmati,114.56,185.44,64.804,WASPADA,SEDANG,6.5,71.1,24.7,ERROR,-8.1892,114.3678
2024-03-13 10:00:00,Sungai_Setail,127.97,172.03,57.941,WASPADA,SEDANG,27.5,81.2,26.6,NORMAL,-8.1987,114.3891
2024-02-21 10:00:00,Sungai_Bajulmati,116.72,183.28,63.684,WASPADA,SEDANG,4.7,77.4,28.8,NORMAL,-8.1892,114.3678
2024-01-06 16:00:00,Sungai_Kalibendo,125.55,174.45,59.164,WASPADA,SEDANG,0.0,72.9,26.3,NORMAL,-8.2156,114.3452
2024-03-16 13:00:00,Sungai_Watugede,100.95,199.05,71.974,WASPADA,SEDANG,2.4,66.2,30.9,NORMAL,-8.2251,114.3562
2024-03-21 16:00:00,Sungai_Kalibendo,123.42,176.58,60.245,WASPADA,SEDANG,0.0,74.4,27.5,NORMAL,-8.2156,114.3452
2024-02-20 23:00:00,Sungai_Sumberagung,102.73,197.27,71.026,WASPADA,SEDANG,4.6,72.1,29.9,NORMAL,-8.1763,114.3987
2024-02-15 15:00:00,Sungai_Bajulmati,118.54,181.46,62.748,WASPADA,SEDANG,2.7,80.7,32.9,NORMAL,-8.1892,114.3678
2024-03-28 07:00:00,Sungai_Watugede,133.45,166.55,55.198,WASPADA,SEDANG,1.8,79.5,27.3,NORMAL,-8.2251,114.3562
2024-01-28 08:00:00,Sungai_Bajulmati,145.22,154.78,49.437,WASPADA,SEDANG,4.4,74.8,26.3,NORMAL,-8.1892,114.3678
2024-01-27 22:00:00,Sungai_Kalibendo,115.0,185.0,64.575,WASPADA,SEDANG,3.7,74.4,27.1,NORMAL,-8.2156,114.3452
2024-02-24 19:00:00,Sungai_Watugede,132.5,167.5,55.67,WASPADA,SEDANG,3.6,69.6,27.3,NORMAL,-8.2251,114.3562
2024-01-21 13:00:00,Sungai_Watugede,121.86,178.14,61.042,WASPADA,SEDANG,1.8,69.5,32.2,NORMAL,-8.2251,114.3562
2024-02-19 10:00:00,Sungai_Setail,107.57,192.43,68.463,WASPADA,SEDANG,6.7,80.3,27.6,NORMAL,-8.1987,114.3891
2024-03-28 22:00:00,Sungai_Watugede,121.02,178.98,61.474,WASPADA,SEDANG,5.2,73.8,29.2,NORMAL,-8.2251,114.3562
2024-01-19 09:00:00,Sungai_Kalibendo,107.57,192.43,68.462,WASPADA,SEDANG,0.0,66.5,26.6,NORMAL,-8.2156,114.3452
2024-01-19 09:00:00,Sungai_Bajulmati,114.42,185.58,64.878,WASPADA,SEDANG,4.0,73.7,28.4,NORMAL,-8.1892,114.3678
2024-01-03 03:00:00,Sungai_Setail,106.44,193.56,69.061,WASPADA,SEDANG,2.0,79.2,23.2,NORMAL,-8.1987,114.3891
2024-01-26 23:00:00,Sungai_Bajulmati,136.19,163.81,53.842,WASPADA,SEDANG,0.0,68.5,29.6,NORMAL,-8.1892,114.3678
2024-01-09 15:00:00,Sungai_Kalibendo,116.16,183.84,63.973,WASPADA,SEDANG,0.0,79.8,31.5,NORMAL,-8.2156,114.3452
2024-03-24 07:00:00,Sungai_Bajulmati,126.94,173.06,58.464,WASPADA,SEDANG,0.8,70.5,26.2,NORMAL,-8.1892,114.3678
2024-02-23 14:00:00,Sungai_Kalibendo,126.14,173.86,58.864,WASPADA,SEDANG,0.0,67.3,32.9,NORMAL,-8.2156,114.3452
2024-03-06 18:00:00,Sungai_Bajulmati,109.59,190.41,67.398,WASPADA,SEDANG,6.6,80.8,29.2,NORMAL,-8.1892,114.3678
2024-02-22 13:00:00,Sungai_Kalibendo,104.97,195.03,69.836,WASPADA,SEDANG,0.0,66.0,30.6,NORMAL,-8.2156,114.3452
2024-03-13 12:00:00,Sungai_Setail,112.36,187.64,65.95,WASPADA,SEDANG,3.8,80.5,31.7,NORMAL,-8.1987,114.3891
2024-01-26 06:00:00,Sungai_Watugede,105.1,194.9,69.767,WASPADA,SEDANG,0.0,70.9,29.0,NORMAL,-8.2251,114.3562
2024-01-07 23:00:00,Sungai_Setail,140.52,159.48,51.718,WASPADA,SEDANG,7.3,78.8,26.1,NORMAL,-8.1987,114.3891
2024-03-27 22:00:00,Sungai_Sukowidi,115.02,184.98,64.565,WASPADA,SEDANG,2.6,73.7,28.2,NORMAL,-8.2345,114.3216
2024-02-17 22:00:00,Sungai_Kalibendo,107.96,192.04,68.259,WASPADA,SEDANG,0.9,65.5,28.6,NORMAL,-8.2156,114.3452
2024-02-22 14:00:00,Sungai_Sukowidi,111.52,188.48,66.387,WASPADA,SEDANG,2.7,71.5,30.5,NORMAL,-8.2345,114.3216
2024-02-09 06:00:00,Sungai_Kalibendo,137.19,162.81,53.346,WASPADA,SEDANG,0.0,72.3,29.0,NORMAL,-8.2156,114.3452
2024-02-17 05:00:00,Sungai_Setail,123.65,176.35,60.128,WASPADA,SEDANG,0.0,65.2,25.8,NORMAL,-8.1987,114.3891
2024-01-17 22:00:00,Sungai_Kalibendo,100.58,199.42,72.173,WASPADA,SEDANG,5.8,72.3,29.3,NORMAL,-8.2156,114.3452
2024-01-26 15:00:00,Sungai_Kalibendo,145.68,154.32,49.213,WASPADA,SEDANG,0.0,78.3,31.5,NORMAL,-8.2156,114.3452
2024-03-05 02:00:00,Sungai_Sumberagung,144.87,155.13,49.603,WASPADA,SEDANG,0.0,79.5,23.0,NORMAL,-8.1763,114.3987
2024-03-14 15:00:00,Sungai_Setail,122.55,177.45,60.693,WASPADA,SEDANG,1.7,72.2,29.3,NORMAL,-8.1987,114.3891
2024-03-11 23:00:00,Sungai_Kalibendo,108.56,191.44,67.939,WASPADA,SEDANG,2.6,67.3,27.5,NORMAL,-8.2156,114.3452
2024-02-05 02:00:00,Sungai_Bajulmati,111.94,188.06,66.169,WASPADA,SEDANG,4.5,68.8,25.7,NORMAL,-8.1892,114.3678
2024-01-16 01:00:00,Sungai_Watugede,114.31,185.69,64.932,WASPADA,SEDANG,0.9,72.4,29.9,NORMAL,-8.2251,114.3562
2024-01-30 07:00:00,Sungai_Bajulmati,122.53,177.47,60.701,WASPADA,SEDANG,0.0,66.0,29.2,NORMAL,-8.1892,114.3678
2024-01-08 14:00:00,Sungai_Sukowidi,106.71,193.29,68.913,WASPADA,SEDANG,2.6,74.7,29.2,ERROR,-8.2345,114.3216
2024-02-27 23:00:00,Sungai_Watugede,126.8,173.2,58.533,WASPADA,SEDANG,1.2,77.8,28.0,NORMAL,-8.2251,114.3562
2024-01-07 20:00:00,Sungai_Bajulmati,113.71,186.29,65.247,WASPADA,SEDANG,0.0,67.3,28.8,NORMAL,-8.1892,114.3678
2024-02-02 07:00:00,Sungai_Watugede,134.19,165.81,54.832,WASPADA,SEDANG,0.0,72.4,26.8,NORMAL,-8.2251,114.3562
2024-01-02 23:00:00,Sungai_Watugede,144.03,155.97,50.01,WASPADA,SEDANG,2.0,74.2,27.9,NORMAL,-8.2251,114.3562
2024-02-14 05:00:00,Sungai_Watugede,110.75,189.25,66.794,WASPADA,SEDANG,2.3,80.3,23.7,NORMAL,-8.2251,114.3562
2024-02-01 07:00:00,Sungai_Watugede,107.64,192.36,68.423,WASPADA,SEDANG,4.3,70.0,28.1,NORMAL,-8.2251,114.3562
2024-02-26 02:00:00,Sungai_Kalibendo,117.97,182.03,63.04,WASPADA,SEDANG,0.0,67.1,24.1,NORMAL,-8.2156,114.3452
2024-02-02 19:00:00,Sungai_Kalibendo,121.02,178.98,61.474,WASPADA,SEDANG,4.1,71.4,27.1,NORMAL,-8.2156,114.3452
2024-02-21 18:00:00,Sungai_Setail,124.03,175.97,59.935,WASPADA,SEDANG,0.0,76.1,27.2,NORMAL,-8.1987,114.3891
2024-03-16 16:00:00,Sungai_Setail,107.8,192.2,68.338,WASPADA,SEDANG,1.0,78.1,28.3,NORMAL,-8.1987,114.3891
2024-01-08 06:00:00,Sungai_Setail,104.82,195.18,69.917,WASPADA,SEDANG,0.0,66.3,26.5,NORMAL,-8.1987,114.3891
2024-01-23 17:00:00,Sungai_Sukowidi,103.91,196.09,70.397,WASPADA,SEDANG,1.9,69.6,27.0,NORMAL,-8.2345,114.3216
2024-03-04 13:00:00,Sungai_Sukowidi,103.94,196.06,70.383,WASPADA,SEDANG,2.1,69.4,32.4,NORMAL,-8.2345,114.3216
2024-01-28 02:00:00,Sungai_Setail,122.1,177.9,60.919,WASPADA,SEDANG,2.8,77.8,24.3,NORMAL,-8.1987,114.3891
2024-02-16 07:00:00,Sungai_Sukowidi,100.13,199.87,72.411,WASPADA,SEDANG,2.4,68.5,28.5,NORMAL,-8.2345,114.3216
2024-01-07 13:00:00,Sungai_Sumberagung,106.98,193.02,68.773,WASPADA,SEDANG,2.9,80.4,30.8,NORMAL,-8.1763,114.3987
2024-03-25 02:00:00,Sungai_Kalibendo,139.13,160.87,52.395,WASPADA,SEDANG,6.4,70.8,24.9,NORMAL,-8.2156,114.3452
2024-01-03 23:00:00,Sungai_Sumberagung,140.05,159.95,51.943,WASPADA,SEDANG,1.3,75.8,26.1,NORMAL,-8.1763,114.3987
2024-02-17 11:00:00,Sungai_Bajulmati,133.92,166.08,54.967,WASPADA,SEDANG,2.8,79.4,28.7,NORMAL,-8.1892,114.3678
2024-03-03 07:00:00,Sungai_Sumberagung,103.69,196.31,70.514,WASPADA,SEDANG,0.0,74.7,26.8,NORMAL,-8.1763,114.3987
2024-01-26 03:00:00,Sungai_Sukowidi,117.93,182.07,63.058,WASPADA,SEDANG,2.9,67.0,24.8,NORMAL,-8.2345,114.3216
2024-03-01 03:00:00,Sungai_Watugede,124.49,175.51,59.704,WASPADA,SEDANG,0.0,71.6,23.7,NORMAL,-8.2251,114.3562
2024-02-24 13:00:00,Sungai_Bajulmati,103.69,196.31,70.516,WASPADA,SEDANG,0.0,72.3,32.1,NORMAL,-8.1892,114.3678
2024-03-30 09:00:00,Sungai_Sumberagung,113.95,186.05,65.123,WASPADA,SEDANG,0.2,70.2,26.4,NORMAL,-8.1763,114.3987
2024-03-06 22:00:00,Sungai_Setail,145.09,154.91,49.5,WASPADA,SEDANG,5.4,71.8,29.1,NORMAL,-8.1987,114.3891
2024-03-27 18:00:00,Sungai_Watugede,104.65,195.35,70.005,WASPADA,SEDANG,1.8,76.9,27.8,NORMAL,-8.2251,114.3562
2024-02-02 02:00:00,Sungai_Setail,109.2,190.8,67.606,WASPADA,SEDANG,0.0,76.7,25.3,NORMAL,-8.1987,114.3891
2024-03-16 09:00:00,Sungai_Setail,120.59,179.41,61.693,WASPADA,SEDANG,0.0,71.6,26.9,NORMAL,-8.1987,114.3891
2024-01-24 14:00:00,Sungai_Kalibendo,120.91,179.09,61.529,WASPADA,SEDANG,3.3,69.2,33.0,NORMAL,-8.2156,114.3452
2024-01-09 06:00:00,Sungai_Kalibendo,110.67,189.33,66.835,WASPADA,SEDANG,0.0,71.3,27.9,NORMAL,-8.2156,114.3452
2024-01-26 01:00:00,Sungai_Sukowidi,112.39,187.61,65.933,WASPADA,SEDANG,0.0,72.4,28.2,NORMAL,-8.2345,114.3216
2024-01-05 01:00:00,Sungai_Sumberagung,124.93,175.07,59.477,WASPADA,SEDANG,0.0,73.3,27.9,NORMAL,-8.1763,114.3987
2024-03-08 19:00:00,Sungai_Kalibendo,112.11,187.89,66.082,WASPADA,SEDANG,0.0,72.2,27.2,NORMAL,-8.2156,114.3452
2024-01-08 20:00:00,Sungai_Sumberagung,121.14,178.86,61.412,WASPADA,SEDANG,2.1,68.3,28.3,NORMAL,-8.1763,114.3987
2024-02-15 13:00:00,Sungai_Bajulmati,100.19,199.81,72.378,WASPADA,SEDANG,5.9,77.5,31.2,NORMAL,-8.1892,114.3678
2024-03-14 04:00:00,Sungai_Watugede,143.74,156.26,50.151,WASPADA,SEDANG,13.9,78.4,25.5,NORMAL,-8.2251,114.3562
2024-03-19 03:00:00,Sungai_Sumberagung,111.0,189.0,66.663,WASPADA,SEDANG,7.1,77.7,25.9,NORMAL,-8.1763,114.3987
2024-01-08 12:00:00,Sungai_Bajulmati,110.92,189.08,66.704,WASPADA,SEDANG,1.1,66.7,31.3,NORMAL,-8.1892,114.3678
2024-03-21 00:00:00,Sungai_Kalibendo,102.24,197.76,71.285,WASPADA,SEDANG,0.0,78.9,26.7,NORMAL,-8.2156,114.3452
2024-03-07 04:00:00,Sungai_Watugede,128.41,171.59,57.722,WASPADA,SEDANG,0.0,71.9,24.1,NORMAL,-8.2251,114.3562
2024-03-01 21:00:00,Sungai_Bajulmati,138.26,161.74,52.824,WASPADA,SEDANG,1.8,66.6,28.1,NORMAL,-8.1892,114.3678
2024-01-02 14:00:00,Sungai_Watugede,122.76,177.24,60.583,WASPADA,SEDANG,2.4,78.9,30.7,NORMAL,-8.2251,114.3562
2024-02-29 17:00:00,Sungai_Sumberagung,126.02,173.98,58.926,WASPADA,SEDANG,0.0,78.8,29.9,NORMAL,-8.1763,114.3987
2024-01-31 08:00:00,Sungai_Setail,124.25,175.75,59.826,WASPADA,SEDANG,0.1,67.9,28.6,NORMAL,-8.1987,114.3891
2024-01-21 02:00:00,Sungai_Kalibendo,112.7,187.3,65.771,WASPADA,SEDANG,0.0,70.0,22.5,NORMAL,-8.2156,114.3452
2024-02-04 23:00:00,Sungai_Sumberagung,117.64,182.36,63.21,WASPADA,SEDANG,3.0,78.3,29.7,NORMAL,-8.1763,114.3987
2024-01-14 03:00:00,Sungai_Bajulmati,123.71,176.29,60.098,WASPADA,SEDANG,4.9,72.5,25.6,NORMAL,-8.1892,114.3678
2024-03-03 05:00:00,Sungai_Bajulmati,107.59,192.41,68.449,WASPADA,SEDANG,0.0,68.1,22.5,NORMAL,-8.1892,114.3678
2024-01-18 20:00:00,Sungai_Sumberagung,145.26,154.74,49.415,WASPADA,SEDANG,0.0,76.0,27.8,NORMAL,-8.1763,114.3987
2024-03-19 12:00:00,Sungai_Watugede,140.86,159.14,51.549,WASPADA,SEDANG,3.8,73.2,32.1,NORMAL,-8.2251,114.3562
2024-03-13 19:00:00,Sungai_Setail,127.09,172.91,58.384,WASPADA,SEDANG,3.7,75.0,28.8,NORMAL,-8.1987,114.3891
2024-01-31 18:00:00,Sungai_Setail,133.6,166.4,55.126,WASPADA,SEDANG,0.2,76.8,29.1,NORMAL,-8.1987,114.3891
2024-02-06 18:00:00,Sungai_Setail,124.61,175.39,59.64,WASPADA,SEDANG,6.8,73.3,26.8,NORMAL,-8.1987,114.3891
2024-02-15 00:00:00,Sungai_Kalibendo,107.47,192.53,68.517,WASPADA,SEDANG,4.0,72.9,28.6,NORMAL,-8.2156,114.3452
2024-02-21 19:00:00,Sungai_Watugede,149.77,150.23,47.255,WASPADA,SEDANG,0.0,75.5,26.0,NORMAL,-8.2251,114.3562
2024-02-25 19:00:00,Sungai_Kalibendo,110.86,189.14,66.733,WASPADA,SEDANG,2.9,69.7,28.6,NORMAL,-8.2156,114.3452
2024-01-05 04:00:00,Sungai_Sukowidi,100.96,199.04,71.968,WASPADA,SEDANG,0.0,69.7,24.6,NORMAL,-8.2345,114.3216
2024-02-08 11:00:00,Sungai_Sumberagung,104.69,195.31,69.986,WASPADA,SEDANG,0.0,78.1,29.1,NORMAL,-8.1763,114.3987
2024-03-21 10:00:00,Sungai_Sumberagung,131.22,168.78,56.312,WASPADA,SEDANG,6.8,69.0,29.1,NORMAL,-8.1763,114.3987
2024-03-12 14:00:00,Sungai_Sukowidi,108.47,191.53,67.989,WASPADA,SEDANG,1.7,70.9,30.7,NORMAL,-8.2345,114.3216
2024-01-14 20:00:00,Sungai_Watugede,130.67,169.33,56.587,WASPADA,SEDANG,2.1,78.0,28.1,NORMAL,-8.2251,114.3562
2024-03-20 15:00:00,Sungai_Sumberagung,124.09,175.91,59.908,WASPADA,SEDANG,1.7,78.9,29.3,NORMAL,-8.1763,114.3987
2024-03-03 04:00:00,Sungai_Setail,133.95,166.05,54.951,WASPADA,SEDANG,0.0,78.6,22.0,NORMAL,-8.1987,114.3891
2024-01-09 12:00:00,Sungai_Bajulmati,149.63,150.37,47.324,WASPADA,SEDANG,1.9,67.1,32.7,NORMAL,-8.1892,114.3678
2024-01-24 07:00:00,Sungai_Sukowidi,101.06,198.94,71.914,WASPADA,SEDANG,0.0,79.7,27.2,NORMAL,-8.2345,114.3216
2024-03-09 18:00:00,Sungai_Bajulmati,135.8,164.2,54.033,WASPADA,SEDANG,1.4,79.1,29.2,NORMAL,-8.1892,114.3678
2024-01-29 19:00:00,Sungai_Sumberagung,135.63,164.37,54.116,WASPADA,SEDANG,8.1,78.5,28.5,NORMAL,-8.1763,114.3987
2024-02-08 11:00:00,Sungai_Watugede,130.79,169.21,56.526,WASPADA,SEDANG,5.2,72.0,26.0,NORMAL,-8.2251,114.3562
2024-03-18 09:00:00,Sungai_Watugede,109.71,190.29,67.338,WASPADA,SEDANG,2.9,73.2,26.3,NORMAL,-8.2251,114.3562
2024-03-11 07:00:00,Sungai_Bajulmati,126.2,173.8,58.834,WASPADA,SEDANG,1.1,75.9,26.1,NORMAL,-8.1892,114.3678
2024-01-19 01:00:00,Sungai_Watugede,104.38,195.62,70.149,WASPADA,SEDANG,0.8,71.1,27.3,NORMAL,-8.2251,114.3562
2024-03-01 23:00:00,Sungai_Setail,132.85,167.15,55.5,WASPADA,SEDANG,2.9,73.5,26.8,NORMAL,-8.1987,114.3891
2024-03-19 13:00:00,Sungai_Setail,117.59,182.41,63.234,WASPADA,SEDANG,1.0,69.5,31.4,NORMAL,-8.1987,114.3891
2024-01-15 21:00:00,Sungai_Watugede,128.84,171.16,57.504,WASPADA,SEDANG,4.8,72.8,29.2,NORMAL,-8.2251,114.3562
